id,island,spp,nematode_count,shell_brightness,,
sc03-40,Santa_Cruz,hirsustus,1,,,
sc03-40,Santa_Cruz,hirsustus,1,,,
sc03-40,Santa_Cruz,hirsustus,1,,,
sc03-40,Santa_Cruz,hirsustus,0,,,
sc03-40,Santa_Cruz,hirsustus,0,,,
sc03-40,Santa_Cruz,hirsustus,0,,,
sc03-40,Santa_Cruz,hirsustus,0,,,
sc03-40,Santa_Cruz,hirsustus,0,,,
sc03-35,Santa_Cruz,hirsustus,1,,,
sc03-35,Santa_Cruz,hirsustus,1,,,
sc03-35,Santa_Cruz,hirsustus,0,,,
sc03-35,Santa_Cruz,hirsustus,0,,,
sc03-63,Santa_Cruz,hirsustus,10,,,
sc03-63,Santa_Cruz,hirsustus,0,,,
sc03-63,Santa_Cruz,hirsustus,0,,,
sc03-63,Santa_Cruz,hirsustus,0,,,
sc03-69,Santa_Cruz,hirsustus,1,,,
sc03-69,Santa_Cruz,hirsustus,0,,,
sc03-69,Santa_Cruz,hirsustus,0,,,
sc03-69,Santa_Cruz,hirsustus,3,,,
sc03-69,Santa_Cruz,hirsustus,0,,,
sc03-69,Santa_Cruz,hirsustus,1,,,
sc03-69,Santa_Cruz,hirsustus,0,,,
sc03-43,Santa_Cruz,hirsustus,0,,,
sc03-43,Santa_Cruz,hirsustus,0,,,
sc03-43,Santa_Cruz,hirsustus,0,,,
sc03-43,Santa_Cruz,hirsustus,0,,,
sc03-43,Santa_Cruz,hirsustus,0,,,
sc03-43,Santa_Cruz,hirsustus,0,,,
sc03-43,Santa_Cruz,hirsustus,0,,,
sc03-43,Santa_Cruz,hirsustus,0,,,
sc03-43,Santa_Cruz,hirsustus,0,,,
sc03-43,Santa_Cruz,hirsustus,0,,,
sc03-69,Santa_Cruz,hirsustus,15,,,
sc03-69,Santa_Cruz,hirsustus,0,,,
sc03-69,Santa_Cruz,hirsustus,0,,,
sc03-46,Santa_Cruz,hirsustus,0,,,
sc03-46,Santa_Cruz,hirsustus,11,,,
sc03-67,Santa_Cruz,hirsustus,0,1,,
sc03-67,Santa_Cruz,hirsustus,0,1,,
sc03-67,Santa_Cruz,hirsustus,0,1,,
sc03-67,Santa_Cruz,hirsustus,0,1,,
sc03-70,Santa_Cruz,hirsustus,1,,,
sc03-70,Santa_Cruz,hirsustus,0,,,
sc03-70,Santa_Cruz,hirsustus,0,,,
sc03-70,Santa_Cruz,hirsustus,0,,,
sc03-66,Santa_Cruz,hirsustus,0,,,
sc03-66,Santa_Cruz,hirsustus,0,,,
sc03-66,Santa_Cruz,hirsustus,0,,,
sc015,Santa_Cruz,ochnsneri,2,,maybe,
sc015,Santa_Cruz,ochnsneri,0,1,,
sc015-11,Santa_Cruz,ochnsneri,0,1,,
sc015-11,Santa_Cruz,ochnsneri,0,1,,
sc015-11,Santa_Cruz,ochnsneri,0,1,,
sc15-07-017,Santa_Cruz,ochnsneri,5,4,,
sc15-07-016,Santa_Cruz,ochnsneri,4,4,,
sc14-10,Santa_Cruz,eos,0,1,,
sc14-10,Santa_Cruz,eos,0,1,,
sc14-10,Santa_Cruz,eos,0,1,,
sc14-10,Santa_Cruz,eos,0,1,,
sc14-10,Santa_Cruz,eos,0,1,,
sc14-10,Santa_Cruz,eos,0,1,,
sc14-10,Santa_Cruz,eos,0,1,,
sc14-10,Santa_Cruz,eos,0,1,,
sc14-10,Santa_Cruz,eos,0,1,,
sc14-18,Santa_Cruz,eos,0,1,,
sc14-18,Santa_Cruz,eos,0,1,,
sc14-18,Santa_Cruz,eos,0,1,,
sc14-18,Santa_Cruz,eos,0,1,,
sc14-12,Santa_Cruz,eos,0,1,,
sc14-12,Santa_Cruz,eos,0,1,,
sc14-13,Santa_Cruz,eos,0,1,,
sc14-13,Santa_Cruz,eos,0,1,,
sc14-13,Santa_Cruz,eos,0,1,,
sc14-13,Santa_Cruz,eos,0,2,,
sc14-13,Santa_Cruz,eos,0,2,,
sc14-13,Santa_Cruz,eos,0,2,,
sc14-13,Santa_Cruz,eos,0,4,,
sc15-06,Santa_Cruz,ochnsneri,1,4,,
sc15-06,Santa_Cruz,ochnsneri,5,4,maybe,
sc15-06,Santa_Cruz,ochnsneri,0,4,,
sc15-06,Santa_Cruz,ochnsneri,>100,4,,
sc15-06,Santa_Cruz,ochnsneri,35,4,,
sc15-06,Santa_Cruz,ochnsneri,0,4,,
sc15-06,Santa_Cruz,ochnsneri,0,4,,
sc15-06,Santa_Cruz,ochnsneri,24,4,,
sc15-06,Santa_Cruz,ochnsneri,90,4,,
sc15-07-013,Santa_Cruz,ochnsneri,1,4,,
sc01,Santa_Cruz,ochnsneri,13,4,,
sc01,Santa_Cruz,ochnsneri,2,1,,
sc01,Santa_Cruz,ochnsneri,0,3,,
sc01,Santa_Cruz,ochnsneri,2,3,inside,
sc01,Santa_Cruz,ochnsneri,0,1,,
sc01,Santa_Cruz,ochnsneri,3,3,,
sc01,Santa_Cruz,ochnsneri,0,3,,
sc15-07-01-10,Santa_Cruz,ochnsneri,4,4,,
sc15-07-01-8,Santa_Cruz,ochnsneri,3,4,,
sc14-03-17,Santa_Cruz,ochnsneri,1,2,,
sc01-01,Santa_Cruz,ochnsneri,3,1,,
sc01-01,Santa_Cruz,ochnsneri,0,1,,
sc01-01,Santa_Cruz,ochnsneri,0,1,,
sc01-01,Santa_Cruz,ochnsneri,0,1,,
sc01-01,Santa_Cruz,ochnsneri,0,1,,
sc01-01,Santa_Cruz,ochnsneri,0,1,,
sc15-05,Santa_Cruz,ochnsneri,1,4,,
sc15-05,Santa_Cruz,ochnsneri,6,4,,
sc15-05,Santa_Cruz,ochnsneri,50,4,,
sc15-05,Santa_Cruz,ochnsneri,>100,4,,
sc15-05,Santa_Cruz,ochnsneri,75,4,,
sc15-05,Santa_Cruz,ochnsneri,0,3,,
sc15-05,Santa_Cruz,ochnsneri,>100,4,,
sc15-05,Santa_Cruz,ochnsneri,1,4,,
sc15-05,Santa_Cruz,ochnsneri,0,1,,
sc15-05,Santa_Cruz,ochnsneri,0,4,,
sc15,Santa_Cruz,ochnsneri,40,1,,
sc15,Santa_Cruz,ochnsneri,35,1,,
sc16-04,Santa_Cruz,eos,0,1,,
sc16-04,Santa_Cruz,eos,0,1,,
sc16-04,Santa_Cruz,eos,0,1,,
sc16-04,Santa_Cruz,eos,0,1,,
sc16-04,Santa_Cruz,eos,0,1,,
sc16-04,Santa_Cruz,eos,0,1,,
sc16-04,Santa_Cruz,eos,0,1,,
sc16-04,Santa_Cruz,eos,0,1,,
sc16-04,Santa_Cruz,eos,0,1,,
sc16-04,Santa_Cruz,eos,0,1,,
sc16-04,Santa_Cruz,eos,0,1,,
sc16-04,Santa_Cruz,eos,0,1,,
sc16-04,Santa_Cruz,eos,0,1,,
sc16-04,Santa_Cruz,eos,0,1,,
sc16-04,Santa_Cruz,eos,0,1,,
sc16-04,Santa_Cruz,eos,0,1,,
sc16-04,Santa_Cruz,eos,0,1,,
sc16-04,Santa_Cruz,eos,0,1,,
sc16-04,Santa_Cruz,eos,0,1,,
sc16-04,Santa_Cruz,eos,0,1,,
sc15-15,Santa_Cruz,tanneri,3,1,,
sc15-15,Santa_Cruz,tanneri,40,1,,
sc15-15,Santa_Cruz,tanneri,2,1,,
sc15-15,Santa_Cruz,tanneri,0,1,,
sc15-15,Santa_Cruz,tanneri,0,1,,
sc15-15,Santa_Cruz,tanneri,0,1,,
sc15-15,Santa_Cruz,tanneri,0,1,,
sc15-15,Santa_Cruz,tanneri,0,1,,
sc15-15,Santa_Cruz,tanneri,0,1,,
sc15-15,Santa_Cruz,tanneri,0,1,,
sc15-15,Santa_Cruz,tanneri,0,1,,
sc15-15,Santa_Cruz,tanneri,0,1,,
sc15-15,Santa_Cruz,tanneri,0,1,,
sc15-15,Santa_Cruz,tanneri,0,1,,
sc15-15,Santa_Cruz,tanneri,0,1,,
sc15-15,Santa_Cruz,tanneri,0,1,,
sc15-15,Santa_Cruz,tanneri,0,1,,
sc15-15,Santa_Cruz,tanneri,0,1,,
sc15-15,Santa_Cruz,tanneri,0,1,,
sc15-01,Santa_Cruz,tanneri,0,2,,
sc15-01,Santa_Cruz,tanneri,0,2,,
sc15-01,Santa_Cruz,tanneri,0,1,,
sc15-01,Santa_Cruz,tanneri,0,1,,
sc15-01,Santa_Cruz,tanneri,0,1,,
sc15-01,Santa_Cruz,tanneri,3,4,maybe,
sc15-01,Santa_Cruz,tanneri,2,1,,
sc15-01,Santa_Cruz,tanneri,0,4,,
sc15-01,Santa_Cruz,tanneri,0,1,,
sc15,Santa_Cruz,tanneri,0,1,,
sc15,Santa_Cruz,tanneri,0,,,
sc15,Santa_Cruz,tanneri,0,,,
sc15,Santa_Cruz,tanneri,2,4,,
sc15,Santa_Cruz,tanneri,2,4,,
sc15,Santa_Cruz,tanneri,16,3,,
sc15,Santa_Cruz,tanneri,0,1,,
sc15,Santa_Cruz,tanneri,0,1,,
sc15,Santa_Cruz,tanneri,0,1,,
sc15,Santa_Cruz,tanneri,0,1,,
sc15,Santa_Cruz,tanneri,0,1,,
sc15,Santa_Cruz,tanneri,0,1,,
sc15,Santa_Cruz,tanneri,0,1,,
sc15,Santa_Cruz,tanneri,0,1,,
sc15,Santa_Cruz,tanneri,7,2,,
sc15,Santa_Cruz,tanneri,0,1,,
sc15,Santa_Cruz,tanneri,0,1,,
sc15,Santa_Cruz,tanneri,0,1,,
sc15,Santa_Cruz,tanneri,0,1,,
sc15,Santa_Cruz,tanneri,0,2,,
sc15,Santa_Cruz,tanneri,0,1,,
sc15,Santa_Cruz,tanneri,0,2,,
sc112,Santa_Cruz,reibischi,3,2,maybe,
sc112,Santa_Cruz,reibischi,20,1,,
sc112,Santa_Cruz,reibischi,3,1,,
sc112,Santa_Cruz,reibischi,1,2,,
sc112,Santa_Cruz,reibischi,0,1,,
sc112,Santa_Cruz,reibischi,0,1,,
sc112,Santa_Cruz,reibischi,0,1,,
sc112,Santa_Cruz,reibischi,0,1,,
sc112,Santa_Cruz,reibischi,0,1,,
sc112,Santa_Cruz,reibischi,0,2,,
sc112,Santa_Cruz,reibischi,0,2,,
sc112,Santa_Cruz,reibischi,0,1,,
sc-c1A-18,Santa_Cruz,reibischi,1,1,,
sc-c1A-19,Santa_Cruz,reibischi,26,1,,
sc-c1A-20,Santa_Cruz,reibischi,60,1,,
sc-c1A-21,Santa_Cruz,reibischi,15,1,,
sc-c1A-22,Santa_Cruz,reibischi,13,1,,
sc-c1A-23,Santa_Cruz,reibischi,35,1,,
sc-c1A-24,Santa_Cruz,reibischi,8,1,,
sc-c1A-25,Santa_Cruz,reibischi,0,1,,
sc-c1A-26,Santa_Cruz,reibischi,0,1,,
sc-c1A-27,Santa_Cruz,reibischi,0,1,,
sc-c1A-28,Santa_Cruz,reibischi,0,1,,
sc-c1A-29,Santa_Cruz,reibischi,0,1,,
sc-c1A-30,Santa_Cruz,reibischi,1,,,
sc-c1A-31,Santa_Cruz,reibischi,0,,,
sc-c1A-32,Santa_Cruz,reibischi,16,,,
sc-c1A-33,Santa_Cruz,reibischi,0,,,
sc-c1A-34,Santa_Cruz,reibischi,21,,,
sc-c1A-35,Santa_Cruz,reibischi,0,,,
sc-c1A-36,Santa_Cruz,reibischi,0,,,
sc-c1A-37,Santa_Cruz,reibischi,0,,,
sc-c1A-38,Santa_Cruz,reibischi,0,,,
sc-c1A-39,Santa_Cruz,reibischi,0,,,
sc-c1A-40,Santa_Cruz,reibischi,0,,,
sc-c1A-41,Santa_Cruz,reibischi,3,,,
sc-c1A-42,Santa_Cruz,reibischi,0,,,
sc03-64,Santa_Cruz,reibischi,0,,,
sc03-65,Santa_Cruz,reibischi,0,,,
sc03-66,Santa_Cruz,reibischi,0,,,
sc03-67,Santa_Cruz,reibischi,0,,,
sc03-68,Santa_Cruz,reibischi,0,,,
sc03-69,Santa_Cruz,reibischi,0,,,
sc03-70,Santa_Cruz,reibischi,0,,,
sc-c1A-18,Santa_Cruz,reibischi,8,,,
sc-c1A-18,Santa_Cruz,reibischi,20,,,
sc-c1A-18,Santa_Cruz,reibischi,0,,,
sc-c1A-18,Santa_Cruz,reibischi,0,,,
sc-c1A-18,Santa_Cruz,reibischi,0,,,
sc-c1A-18,Santa_Cruz,reibischi,0,,,
sc-00-8,Santa_Cruz,wolfi,13,4,,
sc-00-9,Santa_Cruz,wolfi,3,3,,
sc-00-10,Santa_Cruz,wolfi,50,3,,
sc-00-11,Santa_Cruz,wolfi,60,4,,
sc-00-12,Santa_Cruz,wolfi,6,4,,
sc-00-13,Santa_Cruz,wolfi,2,2,,
sc-00-14,Santa_Cruz,wolfi,0,1,,
sc-00-15,Santa_Cruz,wolfi,0,1,,
sc-00-16,Santa_Cruz,wolfi,0,1,,
sc-00-17,Santa_Cruz,wolfi,0,2,,
sc-00-18,Santa_Cruz,wolfi,0,1,,
sc14-11,Santa_Cruz,wolfi,6,4,,
sc14-12,Santa_Cruz,wolfi,4,2,,
sc14-13,Santa_Cruz,wolfi,1,4,,
sc14-14,Santa_Cruz,wolfi,1,4,,
sc14-15,Santa_Cruz,wolfi,0,4,,
sc-008,Santa_Cruz,wolfi,5,2,,
sc-008,Santa_Cruz,wolfi,1,4,,
sc-008,Santa_Cruz,wolfi,1,4,,
sc-008,Santa_Cruz,wolfi,2,3,,
sc-008,Santa_Cruz,wolfi,0,1,,
sc-008,Santa_Cruz,wolfi,0,1,,
sc-008,Santa_Cruz,wolfi,0,1,,
sc-008,Santa_Cruz,wolfi,0,1,,
sc-008,Santa_Cruz,wolfi,0,1,,
sc-008,Santa_Cruz,wolfi,0,1,,
sc-008,Santa_Cruz,wolfi,0,4,,
sc-008,Santa_Cruz,wolfi,0,4,,
sc-008,Santa_Cruz,wolfi,0,2,,
sc-008,Santa_Cruz,wolfi,0,1,,
sc-008,Santa_Cruz,wolfi,0,1,,
sc14-04,Santa_Cruz,wolfi,1,1,,
sc14-04,Santa_Cruz,wolfi,6,4,,
sc14-04,Santa_Cruz,wolfi,0,1,,
sc14-04,Santa_Cruz,wolfi,0,1,,
sc14-04,Santa_Cruz,wolfi,0,1,,
sc14-04,Santa_Cruz,wolfi,0,1,,
sc14-04,Santa_Cruz,wolfi,0,1,,
sc14-04,Santa_Cruz,wolfi,0,1,,
sc14-04,Santa_Cruz,wolfi,0,1,,
sc14-04,Santa_Cruz,wolfi,0,1,,
sc14-04,Santa_Cruz,wolfi,0,1,,
sc14-04,Santa_Cruz,wolfi,0,1,,
sc14-04,Santa_Cruz,wolfi,0,4,,
sc14-04,Santa_Cruz,wolfi,0,4,,
sc14-04,Santa_Cruz,wolfi,0,4,,
sc14-04,Santa_Cruz,wolfi,0,3,,
sc14-04,Santa_Cruz,wolfi,0,3,,
sc14-04,Santa_Cruz,wolfi,0,2,,
sc14-04,Santa_Cruz,wolfi,0,3,,
sc-c1A12,Santa_Cruz,akamatus,3,3,,
sc-c1A12,Santa_Cruz,akamatus,3,4,,
sc-c1A12,Santa_Cruz,akamatus,3,1,,
sc-c1A12,Santa_Cruz,akamatus,20,4,,
sc-c1A12,Santa_Cruz,akamatus,18,4,,
sc-c1A12,Santa_Cruz,akamatus,8,2,,
sc-c1A12,Santa_Cruz,akamatus,4,,,
sc-c1A12,Santa_Cruz,akamatus,8,,,
sc-c1A12,Santa_Cruz,akamatus,5,,,
sc-c1A12,Santa_Cruz,akamatus,3,,,
sc-c1A12,Santa_Cruz,akamatus,13,1,,
sc-c1A12,Santa_Cruz,akamatus,0,1,,
sc-c1A12,Santa_Cruz,akamatus,0,1,,
sc-c1A12,Santa_Cruz,akamatus,0,1,,
sc-c1A12,Santa_Cruz,akamatus,0,2,,
sc-c1A12,Santa_Cruz,akamatus,0,2,,
sc-c1A12,Santa_Cruz,akamatus,0,3,,
sc-c1A12,Santa_Cruz,akamatus,0,4,,
sc-c1A42,Santa_Cruz,akamatus,3,2,,
sc-c1A42,Santa_Cruz,akamatus,24,1,,
sc-c1A42,Santa_Cruz,akamatus,4,4,,
sc-c1A42,Santa_Cruz,akamatus,5,4,,
sc-c1A42,Santa_Cruz,akamatus,5,4,,
sc-c1A42,Santa_Cruz,akamatus,3,4,,
sc-c1A42,Santa_Cruz,akamatus,4,1,,
sc-c1A42,Santa_Cruz,akamatus,0,1,,
sc-c1A42,Santa_Cruz,akamatus,0,1,,
sc-c1A42,Santa_Cruz,akamatus,0,1,,
sc-c1A42,Santa_Cruz,akamatus,0,2,,
sc-c1A42,Santa_Cruz,akamatus,0,2,,
sc-c1A42,Santa_Cruz,akamatus,0,2,,
sc-c1A42,Santa_Cruz,akamatus,0,2,,
sc-c1A42,Santa_Cruz,akamatus,0,3,,
sc-c1A42,Santa_Cruz,akamatus,0,3,,
sc-c1A42,Santa_Cruz,akamatus,0,2,,
sc-c1A42,Santa_Cruz,akamatus,5,3,,
sc-c1A42,Santa_Cruz,akamatus,4,1,,
sc-c1A42,Santa_Cruz,akamatus,45,1,,
sc-c1A42,Santa_Cruz,akamatus,2,4,,
sc-c1A42,Santa_Cruz,akamatus,2,1,,
sc-c1A42,Santa_Cruz,akamatus,4,4,,
sc-c1A42,Santa_Cruz,akamatus,4,2,,
sc-c1A42,Santa_Cruz,akamatus,0,4,,
sc-c1A42,Santa_Cruz,akamatus,0,4,,
sc-c1A42,Santa_Cruz,akamatus,0,4,,
sc-c1A42,Santa_Cruz,akamatus,0,3,,
sc-c1A42,Santa_Cruz,akamatus,0,2,,
sc-c1A42,Santa_Cruz,akamatus,0,2,,
sc-c1A42,Santa_Cruz,akamatus,0,1,,
sc-c1A42,Santa_Cruz,akamatus,0,1,,
sc-c1A42,Santa_Cruz,akamatus,0,1,,
sc-c1A42,Santa_Cruz,akamatus,0,1,,
sl14-04,San_Cristobal,amastroides,1,1,,
sl14-04,San_Cristobal,amastroides,1,1,,
sl14-04,San_Cristobal,amastroides,0,4,,
sl14-04,San_Cristobal,amastroides,0,4,,
sl14-04,San_Cristobal,amastroides,0,4,,
sl14-04,San_Cristobal,amastroides,0,4,,
sl14-04,San_Cristobal,amastroides,0,4,,
sl14-04,San_Cristobal,amastroides,0,4,,
sl14-04,San_Cristobal,amastroides,0,3,,
sl14-04,San_Cristobal,amastroides,0,3,,
sl14-04,San_Cristobal,amastroides,0,1,,
sl14-04,San_Cristobal,amastroides,0,1,,
sl14-04,San_Cristobal,amastroides,0,1,,
sl14-04,San_Cristobal,amastroides,0,1,,
sl14-04,San_Cristobal,amastroides,0,1,,
sl14-04,San_Cristobal,amastroides,0,1,,
sl14-04,San_Cristobal,amastroides,0,1,,
sl14-04,San_Cristobal,amastroides,0,2,,
sl14-04,San_Cristobal,amastroides,2,3,,
sl14-04,San_Cristobal,amastroides,1,3,,
sl14-04,San_Cristobal,amastroides,4,4,,
sl14-04,San_Cristobal,amastroides,1,2,,
sl14-04,San_Cristobal,amastroides,7,4,,
sl14-04,San_Cristobal,amastroides,2,4,,
sl14-04,San_Cristobal,amastroides,0,4,,
sl14-04,San_Cristobal,amastroides,0,4,,
sl14-04,San_Cristobal,amastroides,0,4,,
sl14-04,San_Cristobal,amastroides,0,4,,
sl14-04,San_Cristobal,amastroides,0,4,,
sl14-04,San_Cristobal,amastroides,0,4,,
sl14-04,San_Cristobal,amastroides,0,4,,
sl14-04,San_Cristobal,amastroides,0,4,,
sl14-04,San_Cristobal,amastroides,0,2,,
sl14-04,San_Cristobal,amastroides,0,2,,
sl14-04,San_Cristobal,amastroides,0,2,,
sl14-04,San_Cristobal,amastroides,0,2,,
sl14-04,San_Cristobal,amastroides,0,1,,
sl14-04,San_Cristobal,amastroides,0,1,,
sl14-04,San_Cristobal,amastroides,0,1,,
sl14-04,San_Cristobal,amastroides,1,4,,
sl14-04,San_Cristobal,amastroides,2,4,,
sl14-04,San_Cristobal,amastroides,3,4,,
sl14-04,San_Cristobal,amastroides,4,4,,
sl14-04,San_Cristobal,amastroides,0,3,,
sl14-04,San_Cristobal,amastroides,0,3,,
sl14-04,San_Cristobal,amastroides,0,3,,
sl14-04,San_Cristobal,amastroides,0,2,,
sl14-04,San_Cristobal,amastroides,0,2,,
sl14-04,San_Cristobal,amastroides,0,1,,
sl14-04,San_Cristobal,amastroides,0,1,,
sl14-03,San_Cristobal,basiplicatus,8,4,,
sl14-03,San_Cristobal,basiplicatus,2,4,,
sl14-03,San_Cristobal,basiplicatus,1,3,,
sl14-03,San_Cristobal,basiplicatus,2,4,,
sl14-03,San_Cristobal,basiplicatus,5,4,,
sl14,San_Cristobal,basiplicatus,1,4,,
sl14,San_Cristobal,basiplicatus,2,3,,
sl14,San_Cristobal,basiplicatus,0,4,,
sl14,San_Cristobal,basiplicatus,0,2,,
sl14,San_Cristobal,basiplicatus,0,2,,
sl-21-23,San_Cristobal,basiplicatus,0,,,
sl-21-23,San_Cristobal,basiplicatus,0,,,
sl-21-23,San_Cristobal,basiplicatus,0,,,
sl-21-23,San_Cristobal,basiplicatus,0,,,
sl-21-23,San_Cristobal,basiplicatus,0,,,
sl-21-23,San_Cristobal,basiplicatus,0,,,
sl-21-23,San_Cristobal,basiplicatus,0,,,
sl-21-23,San_Cristobal,basiplicatus,0,,,
sl-21-23,San_Cristobal,basiplicatus,0,,,
sl-21-23,San_Cristobal,basiplicatus,0,,,
sl-21-23,San_Cristobal,basiplicatus,0,,,
sl-21-23,San_Cristobal,basiplicatus,0,,,
sl14-03,San_Cristobal,basiplicatus,2,4,,
sl14-03,San_Cristobal,basiplicatus,3,2,,
sl14-03,San_Cristobal,basiplicatus,2,3,,
sl14-03,San_Cristobal,basiplicatus,0,2,,
sl14-03,San_Cristobal,basiplicatus,0,3,,
sl14-03,San_Cristobal,basiplicatus,0,3,,
sl14-03,San_Cristobal,basiplicatus,0,3,,
sl14-03,San_Cristobal,basiplicatus,0,3,,
sl14-03,San_Cristobal,basiplicatus,0,4,,
sl14-03,San_Cristobal,basiplicatus,2,3,,
sl14-03,San_Cristobal,basiplicatus,4,2,,
sl14-03,San_Cristobal,basiplicatus,2,4,,
sl14-03,San_Cristobal,basiplicatus,0,3,,
sl14-03,San_Cristobal,basiplicatus,0,3,,
sl14-03,San_Cristobal,basiplicatus,0,3,,
sl14-03,San_Cristobal,basiplicatus,0,3,,
sl14-03,San_Cristobal,basiplicatus,0,3,,
sl14-03,San_Cristobal,basiplicatus,0,3,,
sl14-03,San_Cristobal,basiplicatus,0,3,,
sl14-03,San_Cristobal,basiplicatus,0,2,,
sl17-08,San_Cristobal,eschariferus,1,3,,
sl17-08,San_Cristobal,eschariferus,26,4,,
sl17-08,San_Cristobal,eschariferus,2,3,,
sl17-08,San_Cristobal,eschariferus,4,4,,
sl17-08,San_Cristobal,eschariferus,26,4,,
sl17-08,San_Cristobal,eschariferus,0,3,,
sl17-08,San_Cristobal,eschariferus,0,4,,
sl17-08,San_Cristobal,eschariferus,0,4,,
sl17-08,San_Cristobal,eschariferus,0,4,,
sl17-08,San_Cristobal,eschariferus,2,4,,
sl17-08,San_Cristobal,eschariferus,4,2,,
sl17-08,San_Cristobal,eschariferus,1,4,,
sl17-08,San_Cristobal,eschariferus,0,1,,
sl17-08,San_Cristobal,eschariferus,0,1,,
sl17-08,San_Cristobal,eschariferus,0,1,,
sl17-08,San_Cristobal,eschariferus,0,1,,
sl17-08,San_Cristobal,eschariferus,0,1,,
sl17-08,San_Cristobal,eschariferus,0,1,,
sl17-08,San_Cristobal,eschariferus,0,1,,
sl17-08,San_Cristobal,eschariferus,0,1,,
sl17-08,San_Cristobal,eschariferus,0,1,,
sl17-08,San_Cristobal,eschariferus,0,1,,
sl17-08,San_Cristobal,eschariferus,0,1,,
sl17-08,San_Cristobal,eschariferus,0,1,,
sl17-08,San_Cristobal,eschariferus,0,1,,
sl17-08,San_Cristobal,eschariferus,0,1,,
sl17-08,San_Cristobal,eschariferus,0,2,,
sl17-08,San_Cristobal,eschariferus,0,2,,
sl17-08,San_Cristobal,eschariferus,0,2,,
sl17-08,San_Cristobal,eschariferus,0,2,,
sl17-08,San_Cristobal,eschariferus,0,2,,
sl17-08,San_Cristobal,eschariferus,0,2,,
sl17-08,San_Cristobal,eschariferus,0,2,,
sl17-08,San_Cristobal,eschariferus,0,2,,
sl17-08,San_Cristobal,eschariferus,0,2,,
sl17-08,San_Cristobal,eschariferus,0,2,,
sl17-08,San_Cristobal,eschariferus,0,2,,
sl17-08,San_Cristobal,eschariferus,0,2,,
sl17-08,San_Cristobal,eschariferus,0,2,,
sl17-08,San_Cristobal,eschariferus,0,2,,
sl17-08,San_Cristobal,eschariferus,0,2,,
sl17-08,San_Cristobal,eschariferus,0,2,,
sl17-08,San_Cristobal,eschariferus,0,2,,
sl17-08,San_Cristobal,eschariferus,0,2,,
sl17-08,San_Cristobal,eschariferus,2,4,,
sl17-08,San_Cristobal,eschariferus,4,4,,
sl17-08,San_Cristobal,eschariferus,1,4,,
sl17-08,San_Cristobal,eschariferus,0,1,,
sl17-08,San_Cristobal,eschariferus,0,1,,
sl17-08,San_Cristobal,eschariferus,0,1,,
sA02-02,Santiago,darwini,10,1,maybe,
sA02-02,Santiago,darwini,4,1,maybe,
sA02-02,Santiago,darwini,10,1,,
sA02-02,Santiago,darwini,0,2,,
sA02-02,Santiago,darwini,0,2,,
sA02-02,Santiago,darwini,0,1,,
sA02-02,Santiago,darwini,0,1,,
sA02-02,Santiago,darwini,0,1,,
sA02-02,Santiago,darwini,0,1,,
sA02-02,Santiago,darwini,0,1,,
sA02-02,Santiago,darwini,0,1,,
sA02-02,Santiago,darwini,0,1,,
sA31,Santiago,darwini,12,2,,
sA31,Santiago,darwini,4,2,,
sA31,Santiago,darwini,13,2,,
sA31,Santiago,darwini,1,2,,
sA31,Santiago,darwini,11,2,,
sA31,Santiago,darwini,2,2,,
sA31,Santiago,darwini,0,1,,
sA31,Santiago,darwini,0,1,,
sA31,Santiago,darwini,0,1,,
sA31,Santiago,darwini,0,1,,
sA31,Santiago,darwini,0,2,,
sA01-05,Santiago,darwini,0,4,,
sA01-05,Santiago,darwini,0,1,,
sA01-05,Santiago,darwini,0,1,,
sA01-05,Santiago,darwini,0,1,,
sA01-05,Santiago,darwini,0,2,,
sA01-05,Santiago,darwini,0,2,,
sA02-02,Santiago,darwini,1,1,,
sA02-02,Santiago,darwini,1,1,,
sA02-02,Santiago,darwini,1,3,,
sA02-02,Santiago,darwini,1,1,,
sA02-02,Santiago,darwini,0,1,,
sA02-02,Santiago,darwini,0,1,,
sA02-02,Santiago,darwini,0,1,,
sA02-02,Santiago,darwini,0,1,,
sA02-02,Santiago,darwini,0,1,,
sA02-02,Santiago,darwini,0,1,,
sA02-02,Santiago,darwini,0,1,,
sA02-02,Santiago,darwini,0,1,,
sA02-02,Santiago,darwini,0,1,,
sA02-02,Santiago,darwini,0,1,,
sA02-02,Santiago,darwini,0,1,,
sA02-02,Santiago,darwini,0,1,,
sA02-02,Santiago,darwini,0,1,,
sA02-02,Santiago,darwini,0,1,,
sA02-02,Santiago,darwini,0,1,,
sA02-02,Santiago,darwini,0,1,,
sA02-02,Santiago,darwini,0,1,,
sA02-02,Santiago,darwini,0,1,,
sA-16-04,Santiago,sculpturatus,6,4,,
sA-16-04,Santiago,sculpturatus,13,2,,
sA-16-04,Santiago,sculpturatus,2,3,,
sA-16-04,Santiago,sculpturatus,6,3,,
sA-16-04,Santiago,sculpturatus,1,2,,
sA-16-04,Santiago,sculpturatus,0,3,,
sA-16-04,Santiago,sculpturatus,0,2,,
sA-16-04,Santiago,sculpturatus,0,1,,
sA-16-04,Santiago,sculpturatus,0,1,,
sA-16-04,Santiago,sculpturatus,0,1,,
sA-16-04,Santiago,sculpturatus,0,1,,
sA-16-04,Santiago,sculpturatus,0,1,,
sA-16-04,Santiago,sculpturatus,0,1,,
sA-16-04,Santiago,sculpturatus,0,1,,
sA-16-04,Santiago,sculpturatus,0,1,,
sA-16-04,Santiago,sculpturatus,0,1,,
sA-16-04,Santiago,sculpturatus,0,1,,
sA-16-04,Santiago,sculpturatus,0,1,,
sA-02-03,Santiago,sculpturatus,1,4,,
sA-02-03,Santiago,sculpturatus,3,4,maybe,
sA-02-03,Santiago,sculpturatus,7,4,maybe,
sA-02-03,Santiago,sculpturatus,1,1,,
sA-02-03,Santiago,sculpturatus,16,2,,
sA-02-03,Santiago,sculpturatus,0,3,,
sA-02-03,Santiago,sculpturatus,0,3,,
sA-02-03,Santiago,sculpturatus,0,2,,
sA-02-03,Santiago,sculpturatus,0,2,,
sA-02-03,Santiago,sculpturatus,0,2,,
sA-02-03,Santiago,sculpturatus,0,1,,
sA-02-03,Santiago,sculpturatus,0,1,,
sA-02-03,Santiago,sculpturatus,0,1,,
sA-02-03,Santiago,sculpturatus,0,1,,
sA-02-03,Santiago,sculpturatus,0,1,,
sA-02-03,Santiago,sculpturatus,0,1,,
sA-02-03,Santiago,sculpturatus,0,1,,
sA-02-03,Santiago,sculpturatus,0,1,,
sA-02-03,Santiago,sculpturatus,0,1,,
sA-02-03,Santiago,sculpturatus,0,1,,
sA-02-03,Santiago,sculpturatus,0,1,,
sA-02-03,Santiago,sculpturatus,1,3,,
sA-02-03,Santiago,sculpturatus,5,4,,
sA-02-03,Santiago,sculpturatus,7,3,,
sA-02-03,Santiago,sculpturatus,3,,,
sA-02-03,Santiago,sculpturatus,4,2,inside-up,
sA-02-03,Santiago,sculpturatus,0,1,,
sA-02-03,Santiago,sculpturatus,0,1,,
sA-02-03,Santiago,sculpturatus,0,1,,
sA-02-03,Santiago,sculpturatus,0,1,,
sA-02-03,Santiago,sculpturatus,0,1,,
sA-02-03,Santiago,sculpturatus,0,2,,
sA-20-11,Santiago,jacobinus,15,1,maybe,check - so tiny?
sA-20-11,Santiago,jacobinus,23,2,maybe,check - so tiny?
sA-20-11,Santiago,jacobinus,0,2,,
sA-20-11,Santiago,jacobinus,0,2,,
sA-20-11,Santiago,jacobinus,0,2,,
sA-20-11,Santiago,jacobinus,0,2,,
sA-20-11,Santiago,jacobinus,0,1,,
sA-20-11,Santiago,jacobinus,0,1,,
sA-20-11,Santiago,jacobinus,0,1,,
sA-20-11,Santiago,jacobinus,0,1,,
sA-20-11,Santiago,jacobinus,0,3,,
sA-20-11,Santiago,jacobinus,0,3,,
sA-20-11,Santiago,jacobinus,0,3,,
sA-20-11,Santiago,jacobinus,0,3,,
sA-20-11,Santiago,jacobinus,3,2,,
sA-16-03(19),Santiago,jacobinus,12,4,,
sA-16-03(19),Santiago,jacobinus,1,3,,
sA-16-03(19),Santiago,jacobinus,22,3,,
sA-16-03(19),Santiago,jacobinus,2,2,,
sA-16-03(19),Santiago,jacobinus,3,2,,
sA-16-03(19),Santiago,jacobinus,1,1,,
sA-16-03(19),Santiago,jacobinus,5,2,,
sA-16-03(19),Santiago,jacobinus,0,1,,
sA-16-03(19),Santiago,jacobinus,0,1,,
sA-16-03(19),Santiago,jacobinus,0,1,,
sA-16-03(19),Santiago,jacobinus,0,2,,
sA-16-03(19),Santiago,jacobinus,0,2,,
sA-16-03(19),Santiago,jacobinus,0,2,,
sA-16-03(19),Santiago,jacobinus,0,2,,
sA-20-09,Santiago,jacobinus,8,2,maybe - so tiny?,
sA-20-09,Santiago,jacobinus,4,1,maybe - so tiny?,
sA-20-09,Santiago,jacobinus,20,4,maybe - so tiny?,
sA-20-09,Santiago,jacobinus,20,2,maybe - so tiny?,
sA-20-09,Santiago,jacobinus,5,1,,
sA-20-09,Santiago,jacobinus,12,2,,
sA-20-09,Santiago,jacobinus,8,4,,
sA-20-09,Santiago,jacobinus,0,1,,
sA-20-09,Santiago,jacobinus,0,1,,
sA-20-09,Santiago,jacobinus,0,1,,
sA-20-09,Santiago,jacobinus,0,1,,
sA-20-09,Santiago,jacobinus,0,1,,
sA-20-09,Santiago,jacobinus,0,1,,
sA-20-09,Santiago,jacobinus,0,1,,
sA-20-09,Santiago,jacobinus,0,1,,
sA-20-09,Santiago,jacobinus,0,2,,
sA-20-09,Santiago,jacobinus,0,2,,
sA-20-09,Santiago,jacobinus,0,2,,
sA-20-09,Santiago,jacobinus,0,2,,
sA-20-09,Santiago,jacobinus,0,2,,
sA-20-09,Santiago,jacobinus,0,2,,
sl05-01,San_Cristobal,perspechvus,38,1,maybe,
sl05-01,San_Cristobal,perspechvus,10,1,maybe,
sl05-01,San_Cristobal,perspechvus,20,2,maybe,
sl05-01,San_Cristobal,perspechvus,0,4,,
sl05-01,San_Cristobal,perspechvus,0,4,,
sl05-01,San_Cristobal,perspechvus,0,4,,
sl05-01,San_Cristobal,perspechvus,0,4,,
sl05-01,San_Cristobal,perspechvus,0,4,,
sl05-01,San_Cristobal,perspechvus,0,2,,
sl05-01,San_Cristobal,perspechvus,0,2,,
sl05-01,San_Cristobal,perspechvus,0,1,,
sl05-01,San_Cristobal,perspechvus,0,1,,
sl05-01,San_Cristobal,perspechvus,0,1,,
sl05-01,San_Cristobal,perspechvus,0,1,,
sl05-01,San_Cristobal,perspechvus,0,1,,
sl05-01,San_Cristobal,perspechvus,0,1,,
sl05-01,San_Cristobal,perspechvus,3,1,,
sl05-01,San_Cristobal,perspechvus,4,4,,
sl05-01,San_Cristobal,perspechvus,2,1,,
sl05-01,San_Cristobal,perspechvus,18,1,,
sl05-01,San_Cristobal,perspechvus,0,4,,
sl05-01,San_Cristobal,perspechvus,0,4,,
sl05-01,San_Cristobal,perspechvus,0,4,,
sl05-01,San_Cristobal,perspechvus,0,4,,
sl05-01,San_Cristobal,perspechvus,0,1,,
sl05-01,San_Cristobal,perspechvus,0,1,,
sl05-01,San_Cristobal,perspechvus,0,1,,
sl05-01,San_Cristobal,perspechvus,0,1,,
sl05-01,San_Cristobal,perspechvus,0,1,,
sl05-01,San_Cristobal,perspechvus,0,1,,
sl05-01,San_Cristobal,perspechvus,30,2,maybe,
sl05-01,San_Cristobal,perspechvus,1,2,maybe,
sl05-01,San_Cristobal,perspechvus,1,2,maybe,
sl05-01,San_Cristobal,perspechvus,20,2,maybe,
sl05-01,San_Cristobal,perspechvus,20,2,maybe,
sl05-01,San_Cristobal,perspechvus,3,4,maybe,
sl05-01,San_Cristobal,perspechvus,50,3,maybe,
sl05-01,San_Cristobal,perspechvus,0,1,,
sl05-01,San_Cristobal,perspechvus,0,1,,
sl05-01,San_Cristobal,perspechvus,0,1,,
sl05-01,San_Cristobal,perspechvus,0,1,,
sl05-01,San_Cristobal,perspechvus,0,2,,
sl05-01,San_Cristobal,perspechvus,0,2,,
sl05-01,San_Cristobal,perspechvus,0,1,,
sl05-01,San_Cristobal,perspechvus,0,2,,
sl05-01,San_Cristobal,perspechvus,0,2,,
sl05-01,San_Cristobal,perspechvus,0,2,,
sl05-01,San_Cristobal,perspechvus,0,2,,
sl05-01,San_Cristobal,perspechvus,0,3,,
sl05-01,San_Cristobal,perspechvus,0,1,,
sl05-062,San_Cristobal,nuciformis,5,4,maybe,
sl05-062,San_Cristobal,nuciformis,8,4,maybe,
sl05-062,San_Cristobal,nuciformis,5,4,maybe,
sl05-062,San_Cristobal,nuciformis,6,4,,
sl05-062,San_Cristobal,nuciformis,0,1,,
sl05-062,San_Cristobal,nuciformis,0,3,,
sl05-062,San_Cristobal,nuciformis,0,3,,
sl05-062,San_Cristobal,nuciformis,0,3,,
sl05-062,San_Cristobal,nuciformis,0,3,,
sl05-062,San_Cristobal,nuciformis,0,3,,
sl05-062,San_Cristobal,nuciformis,0,4,,
sl05-062,San_Cristobal,nuciformis,0,4,,
sl05-062,San_Cristobal,nuciformis,0,4,,
sl05-062,San_Cristobal,nuciformis,0,4,,
sl05-05,San_Cristobal,nuciformis,12,2,,
sl05-05,San_Cristobal,nuciformis,11,3,,
sl05-05,San_Cristobal,nuciformis,>100,4,,
sl05-05,San_Cristobal,nuciformis,4,4,,
sl05-05,San_Cristobal,nuciformis,3,4,,
sl05-05,San_Cristobal,nuciformis,36,4,,
sl05-05,San_Cristobal,nuciformis,0,4,,
sl05-05,San_Cristobal,nuciformis,0,4,,
sl05-05,San_Cristobal,nuciformis,0,4,,
sl05-05,San_Cristobal,nuciformis,0,4,,
sl05-05,San_Cristobal,nuciformis,0,4,,
sl05-05,San_Cristobal,nuciformis,0,1,,
sl05-06,San_Cristobal,nuciformis,41,4,,
sl05-06,San_Cristobal,nuciformis,46,3,,
sl05-06,San_Cristobal,nuciformis,6,2,maybe,
sl05-06,San_Cristobal,nuciformis,1,,,
sl05-06,San_Cristobal,nuciformis,3,4,,
sl05-06,San_Cristobal,nuciformis,1,4,,
sl05-06,San_Cristobal,nuciformis,2,4,,
sl05-06,San_Cristobal,nuciformis,>100,3,,
sl05-06,San_Cristobal,nuciformis,5,4,,
sl05-06,San_Cristobal,nuciformis,1,4,,
sl05-06,San_Cristobal,nuciformis,10,2,,
sl05-06,San_Cristobal,nuciformis,>100,3,,
sl05-06,San_Cristobal,nuciformis,24,3,,
sl05-06,San_Cristobal,nuciformis,0,1,,
sl05-06,San_Cristobal,nuciformis,0,1,,
sl05-06,San_Cristobal,nuciformis,0,2,,
sl05-06,San_Cristobal,nuciformis,0,3,,
sl05-06,San_Cristobal,nuciformis,0,3,,
sl05-06,San_Cristobal,nuciformis,0,4,,
sl05-06,San_Cristobal,nuciformis,3,2,,
sl05-06,San_Cristobal,nuciformis,0,2,,
sl05-06,San_Cristobal,nuciformis,0,2,,
sl05-06,San_Cristobal,nuciformis,0,2,,
sl05-06,San_Cristobal,nuciformis,0,2,,
sl19-02,San_Cristobal,bauri,3,4,,
sl19-02,San_Cristobal,bauri,42,3,,
sl19-02,San_Cristobal,bauri,4,3,,
sl19-02,San_Cristobal,bauri,5,3,,
sl19-02,San_Cristobal,bauri,3,3,,
sl19-02,San_Cristobal,bauri,1,3,,
sl19-02,San_Cristobal,bauri,9,3,,
sl19-02,San_Cristobal,bauri,1,3,,
sl19-02,San_Cristobal,bauri,11,3,,
sl19-02,San_Cristobal,bauri,4,3,,
sl19-02,San_Cristobal,bauri,2,3,,
sl19-02,San_Cristobal,bauri,0,3,,
sl19-02,San_Cristobal,bauri,0,3,,
sl19-02,San_Cristobal,bauri,0,3,,
sl19-02,San_Cristobal,bauri,0,3,,
sl19-02,San_Cristobal,bauri,0,3,,
sl19-02,San_Cristobal,bauri,0,3,,
sl19-02,San_Cristobal,bauri,0,3,,
sl19-02,San_Cristobal,bauri,0,3,,
sl19-02,San_Cristobal,bauri,0,3,,
sl19-02,San_Cristobal,bauri,0,3,,
sl19-02,San_Cristobal,bauri,0,3,,
sl19-02,San_Cristobal,bauri,0,3,,
sl19-02,San_Cristobal,bauri,0,4,,
sl19-02,San_Cristobal,bauri,0,4,,
sl17-05,San_Cristobal,bauri,1,3,,
sl17-05,San_Cristobal,bauri,2,4,,
sl17-05,San_Cristobal,bauri,0,1,,
sl17-05,San_Cristobal,bauri,0,1,,
sl17-05,San_Cristobal,bauri,0,1,,
sl17-05,San_Cristobal,bauri,0,1,,
sl17-05,San_Cristobal,bauri,0,2,,
sl17-05,San_Cristobal,bauri,0,2,,
sl17-05,San_Cristobal,bauri,0,2,,
sl17-05,San_Cristobal,bauri,0,2,,
sl17-05,San_Cristobal,bauri,0,2,,
sl17-05,San_Cristobal,bauri,0,2,,
sl17-05,San_Cristobal,bauri,0,1,,
sl17-05,San_Cristobal,bauri,0,1,,
sl17-05,San_Cristobal,bauri,0,4,,
sl19-02,San_Cristobal,bauri,2,3,,
sl19-02,San_Cristobal,bauri,1,3,,
sl19-02,San_Cristobal,bauri,2,3,,
sl19-02,San_Cristobal,bauri,23,3,,
sl19-02,San_Cristobal,bauri,3,3,,
sl19-02,San_Cristobal,bauri,3,3,,
sl19-02,San_Cristobal,bauri,18,3,,
sl19-02,San_Cristobal,bauri,0,3,,
sl19-02,San_Cristobal,bauri,0,2,,
sl19-02,San_Cristobal,bauri,0,2,,
sl05-04,San_Cristobal,chemnitzioides,0,1,,
sl05-04,San_Cristobal,chemnitzioides,0,1,,
sl05-04,San_Cristobal,chemnitzioides,0,1,,
sl05-04,San_Cristobal,chemnitzioides,0,1,,
sl05-04,San_Cristobal,chemnitzioides,0,1,,
sl05-04,San_Cristobal,chemnitzioides,0,1,,
sl05-04,San_Cristobal,chemnitzioides,0,1,,
sl05-04,San_Cristobal,chemnitzioides,0,1,,
sl05-04,San_Cristobal,chemnitzioides,0,1,,
sl05-04,San_Cristobal,chemnitzioides,0,1,,
sl05-04,San_Cristobal,chemnitzioides,0,1,,
sl05-04,San_Cristobal,chemnitzioides,0,1,,
sl05-04,San_Cristobal,chemnitzioides,0,2,,
sl05-04,San_Cristobal,chemnitzioides,0,2,,
sl05-04,San_Cristobal,chemnitzioides,0,2,,
sl05-04,San_Cristobal,chemnitzioides,0,2,,
sl05-04,San_Cristobal,chemnitzioides,0,2,,
sl05-04,San_Cristobal,chemnitzioides,0,2,,
sl05-04,San_Cristobal,chemnitzioides,0,2,,
sl05-04,San_Cristobal,chemnitzioides,0,2,,
sl05-04,San_Cristobal,chemnitzioides,0,2,,
sl05-04,San_Cristobal,chemnitzioides,0,2,,
sl05-04,San_Cristobal,chemnitzioides,0,2,,
sl17-02,San_Cristobal,chemnitzioides,40,1,maybe,
sl17-02,San_Cristobal,chemnitzioides,7,,maybe. or hundreds,
sl17-02,San_Cristobal,chemnitzioides,4,,,
sl17-02,San_Cristobal,chemnitzioides,50,,maybe,
sl17-02,San_Cristobal,chemnitzioides,0,1,,
sl17-02,San_Cristobal,chemnitzioides,0,1,,
sl17-02,San_Cristobal,chemnitzioides,0,1,,
sl17-02,San_Cristobal,chemnitzioides,0,1,,
sl17-02,San_Cristobal,chemnitzioides,0,1,,
sl17-02,San_Cristobal,chemnitzioides,0,1,,
sl17-02,San_Cristobal,chemnitzioides,0,1,,
sl17-02,San_Cristobal,chemnitzioides,0,1,,
sl17-02,San_Cristobal,chemnitzioides,0,1,,
sl17-02,San_Cristobal,chemnitzioides,0,1,,
sl17-02,San_Cristobal,chemnitzioides,0,1,,
sl17-02,San_Cristobal,chemnitzioides,0,1,,
sl17-02,San_Cristobal,chemnitzioides,0,1,,
sl17-02,San_Cristobal,chemnitzioides,0,1,,
sl05-01,San_Cristobal,chemnitzioides,0,1,,
sl05-01,San_Cristobal,chemnitzioides,0,1,,
sl05-01,San_Cristobal,chemnitzioides,0,1,,
sl05-01,San_Cristobal,chemnitzioides,0,1,,
sl05-01,San_Cristobal,chemnitzioides,0,1,,
sl05-01,San_Cristobal,chemnitzioides,0,1,,
sl05-01,San_Cristobal,chemnitzioides,0,2,,
sl05-01,San_Cristobal,chemnitzioides,0,2,,
sl05-01,San_Cristobal,chemnitzioides,0,1,,
DA15-10,Isabela,spp1,4,1,,
DA15-10,Isabela,spp1,1,3,,
DA15-10,Isabela,spp1,3,4,,
DA15-10,Isabela,spp1,3,4,,
DA15-10,Isabela,spp1,3,3,,
DA15-10,Isabela,spp1,1,2,,
DA15-10,Isabela,spp1,0,1,,
DA15-10,Isabela,spp1,0,1,,
DA15-10,Isabela,spp1,0,1,,
DA15-10,Isabela,spp1,0,1,,
DA15-10,Isabela,spp1,0,1,,
DA15-10,Isabela,spp1,0,2,,
DA15-10,Isabela,spp1,0,2,,
DA15-10,Isabela,spp1,0,2,,
DA15-10,Isabela,spp1,0,2,,
DA15-10,Isabela,spp1,0,3,,
DA15-10,Isabela,spp1,0,3,,
DA15-10,Isabela,spp1,0,3,,
DA15-10,Isabela,spp1,0,3,,
DA15-10,Isabela,spp1,0,4,,
DA15-10,Isabela,spp1,1,3,,
DA15-10,Isabela,spp1,1,3,,
DA15-10,Isabela,spp1,2,1,,
DA15-10,Isabela,spp1,0,1,,
DA15-10,Isabela,spp1,0,1,,
DA15-10,Isabela,spp1,0,1,,
DA15-10,Isabela,spp1,0,1,,
DA15-10,Isabela,spp1,0,1,,
DA15-10,Isabela,spp1,0,1,,
DA15-10,Isabela,spp1,0,3,,
DA15-10,Isabela,spp1,0,3,,
DA15-10,Isabela,spp1,0,2,,
DA15-10,Isabela,spp1,0,2,,
DA15-10,Isabela,spp1,0,4,,
DA15-10,Isabela,spp1,2,4,,
DA15-10,Isabela,spp1,0,1,,
DA15-10,Isabela,spp1,0,1,,
DA15-10,Isabela,spp1,0,1,,
DA15-10,Isabela,spp1,0,1,,
DA15-10,Isabela,spp1,0,1,,
DA15-10,Isabela,spp1,0,1,,
DA15-10,Isabela,spp1,0,1,,
DA15-10,Isabela,spp1,0,2,,
DA15-10,Isabela,spp1,0,2,,
DA15-10,Isabela,spp1,0,2,,
DA15-10,Isabela,spp1,0,2,,
DA15-10,Isabela,spp1,0,2,,
DA15-10,Isabela,spp1,0,2,,
DA15-10,Isabela,spp1,0,4,,
DA15-10,Isabela,spp1,0,4,,
WF19-13,Isabela,spp2,4,2,maybe,
WF19-13,Isabela,spp2,2,4,,
WF19-13,Isabela,spp2,1,2,,
WF19-13,Isabela,spp2,2,4,,
WF19-13,Isabela,spp2,20,3,,
WF19-13,Isabela,spp2,0,1,,
WF19-13,Isabela,spp2,0,1,,
WF19-13,Isabela,spp2,0,1,,
WF19-13,Isabela,spp2,0,1,,
WF19-13,Isabela,spp2,0,3,,
WF19-13,Isabela,spp2,0,3,,
WF19-13,Isabela,spp2,0,3,,
WF19-13,Isabela,spp2,0,3,,
WF19-13,Isabela,spp2,0,3,,
WF19-13,Isabela,spp2,0,3,,
WF19-13,Isabela,spp2,0,3,,
WF19-13,Isabela,spp2,>100,2,,
WF19-13,Isabela,spp2,50,3,,
WF19-13,Isabela,spp2,80,3,,
WF19-13,Isabela,spp2,23,1,,
WF19-13,Isabela,spp2,3,3,,
WF19-13,Isabela,spp2,50,,,
WF19-13,Isabela,spp2,11,1,,
WF19-13,Isabela,spp2,20,3,,
WF19-13,Isabela,spp2,14,1,,
WF19-13,Isabela,spp2,3,1,,
WF19-13,Isabela,spp2,21,1,,
WF19-13,Isabela,spp2,24,4,,
WF19-13,Isabela,spp2,42,2,,
WF19-13,Isabela,spp2,3,2,,
WF19-13,Isabela,spp2,28,4,,
WF19-13,Isabela,spp2,40,4,,
WF19-13,Isabela,spp2,45,2,,
WF19-13,Isabela,spp2,0,3,,
WF19-13,Isabela,spp2,0,3,,
WF19-13,Isabela,spp2,0,3,,
WF19-08,Isabela,spp2,>100,4,,
WF19-08,Isabela,spp2,2,4,,
WF19-08,Isabela,spp2,35,4,,
WF19-08,Isabela,spp2,>100,4,,
WF19-08,Isabela,spp2,10,3,,
WF19-08,Isabela,spp2,20,3,,
WF19-08,Isabela,spp2,3,4,HUGE nematode,
WF19-08,Isabela,spp2,80,3,,
WF19-08,Isabela,spp2,56,3,,
WF19-08,Isabela,spp2,2,4,,
WF19-08,Isabela,spp2,1,3,,
WF19-08,Isabela,spp2,3,3,,
WF19-08,Isabela,spp2,>100,3,,
WF19-08,Isabela,spp2,0,3,,
WF19-08,Isabela,spp2,0,3,,
AL05-10,Isabela,spp3,3,1,,
AL05-10,Isabela,spp3,6,1,,
AL05-10,Isabela,spp3,6,1,,
AL05-10,Isabela,spp3,21,1,,
AL05-10,Isabela,spp3,3,2,,
AL05-10,Isabela,spp3,1,2,,
AL05-10,Isabela,spp3,65,1,,
AL05-10,Isabela,spp3,0,1,,
AL05-10,Isabela,spp3,0,1,,
AL05-10,Isabela,spp3,0,1,,
AL05-10,Isabela,spp3,0,1,,
AL05-10,Isabela,spp3,0,1,,
AL05-10,Isabela,spp3,0,1,,
AL05-10,Isabela,spp3,0,2,,
AL05-10,Isabela,spp3,0,2,,
AL05-10,Isabela,spp3,0,3,,
AL05-23,Isabela,spp3,8,1,,
AL05-23,Isabela,spp3,1,1,,
AL05-23,Isabela,spp3,20,1,,
AL05-23,Isabela,spp3,20,,maybe,
AL05-23,Isabela,spp3,1,1,,
AL05-23,Isabela,spp3,11,1,,
AL05-23,Isabela,spp3,35,1,,
AL05-23,Isabela,spp3,19,1,,
AL05-23,Isabela,spp3,2,1,,
AL05-23,Isabela,spp3,>100,1,,
AL05-23,Isabela,spp3,>100,1,,
AL05-23,Isabela,spp3,1,,,
AL05-23,Isabela,spp3,2,2,,
AL05-23,Isabela,spp3,10,1,,
AL05-23,Isabela,spp3,6,1,,
AL05-23,Isabela,spp3,2,1,,
AL05-23,Isabela,spp3,5,1,,
AL05-23,Isabela,spp3,0,1,,
AL05-23,Isabela,spp3,0,1,,
AL05-23,Isabela,spp3,0,1,,
AL05-23,Isabela,spp3,0,1,,
AL05-23,Isabela,spp3,0,1,,
AL05-23,Isabela,spp3,0,1,,
AL05-23,Isabela,spp3,0,1,,
AL05-23,Isabela,spp3,0,1,,
AL05-23,Isabela,spp3,1,4,,
AL05-23,Isabela,spp3,1,2,,
AL05-23,Isabela,spp3,1,2,,
AL05-23,Isabela,spp3,3,1,,
AL05-23,Isabela,spp3,3,1,,
AL05-23,Isabela,spp3,7,2,,
AL05-23,Isabela,spp3,0,1,,
AL05-23,Isabela,spp3,0,4,,
 AL05-23,Isabela,spp3,3,1,,
FA02,Fernandina,spp4,1,3,,
FA02,Fernandina,spp4,1,1,,
FA02,Fernandina,spp4,5,4,,
FA02,Fernandina,spp4,9,1,,
FA02,Fernandina,spp4,2,1,,
FA02,Fernandina,spp4,0,3,,
FA02,Fernandina,spp4,0,3,,
FA02,Fernandina,spp4,0,3,,
FA02,Fernandina,spp4,0,1,,
FA02,Fernandina,spp4,0,1,,
FA02,Fernandina,spp4,0,1,,
FA02,Fernandina,spp4,0,1,,
FA02,Fernandina,spp4,0,1,,
FA02,Fernandina,spp4,0,1,,
FA02,Fernandina,spp4,0,1,,
FA02,Fernandina,spp4,0,1,,
FA02,Fernandina,spp4,0,1,,
FA02,Fernandina,spp4,0,1,,
FA02,Fernandina,spp4,0,1,,
FA02,Fernandina,spp4,1,1,,
FA02,Fernandina,spp4,71,3,,
FA02,Fernandina,spp4,13,1,,
FA02,Fernandina,spp4,11,1,,
FA02,Fernandina,spp4,0,1,,
FA02,Fernandina,spp4,0,1,,
FA02,Fernandina,spp4,0,1,,
FA02,Fernandina,spp4,0,1,,
FA02,Fernandina,spp4,0,1,,
FA02,Fernandina,spp4,0,1,,
FA02,Fernandina,spp4,0,1,,
FA02,Fernandina,spp4,0,1,,
FA02,Fernandina,spp4,0,1,,
FA02,Fernandina,spp4,0,1,,
FA02,Fernandina,spp4,0,1,,
FA02,Fernandina,spp4,0,1,,
FA02,Fernandina,spp4,0,1,,
FA02,Fernandina,spp4,0,1,,
FA02,Fernandina,spp4,0,1,,
FA02,Fernandina,spp4,0,1,,
FA02,Fernandina,spp4,0,1,,
FA02,Fernandina,spp4,0,1,,
FA02,Fernandina,spp4,0,1,,
FA02,Fernandina,spp4,1,2,,
FA02,Fernandina,spp4,0,1,,
FA02,Fernandina,spp4,0,1,,
FA02,Fernandina,spp4,0,1,,
FA02,Fernandina,spp4,0,1,,
FA02,Fernandina,spp4,0,1,,
FA02,Fernandina,spp4,0,1,,
FA02,Fernandina,spp4,0,2,,
FL18-02-01,Floreana,unifasciatus,16,2,,
FL18-02-01,Floreana,unifasciatus,15,3,,
FL18-02-01,Floreana,unifasciatus,28,2,,
FL18-02-01,Floreana,unifasciatus,10,2,,
FL18-02-01,Floreana,unifasciatus,30,1,,
FL18-02-01,Floreana,unifasciatus,2,1,,
FL18-02-01,Floreana,unifasciatus,70,1,,
FL18-02-01,Floreana,unifasciatus,1,4,,
FL18-02-01,Floreana,unifasciatus,10,4,,
FL18-02-01,Floreana,unifasciatus,2,1,,
FL18-02-01,Floreana,unifasciatus,26,2,,
FL18-02-01,Floreana,unifasciatus,4,3,,
FL18-02-01,Floreana,unifasciatus,15,1,,
FL18-02-01,Floreana,unifasciatus,94,3,,
FL18-02-01,Floreana,unifasciatus,4,4,,
FL18-02-01,Floreana,unifasciatus,0,2,,
FL18-11,Floreana,planospira,3,1,,
FL18-11,Floreana,planospira,10,2,,
FL18-11,Floreana,planospira,0,1,,
FL18-11,Floreana,planospira,0,2,,
FL18-11,Floreana,planospira,0,2,,
FL18-11,Floreana,planospira,0,2,,
FL18-11,Floreana,planospira,0,1,,
FL18-11,Floreana,planospira,0,1,,
FL18-11,Floreana,planospira,0,1,,
FL18-11,Floreana,planospira,0,1,,
FL18-11,Floreana,planospira,0,1,,
FL18-02-01,Floreana,unifasciatus,12,2,,
FL18-02-01,Floreana,unifasciatus,11,4,,
FL18-02-01,Floreana,unifasciatus,22,1,,
FL18-02-01,Floreana,unifasciatus,2,2,,
FL18-02-01,Floreana,unifasciatus,11,3,,
FL18-02-01,Floreana,unifasciatus,59,3,,
FL18-02-01,Floreana,unifasciatus,25,4,,
FL18-02-01,Floreana,unifasciatus,30,1,,
FL18-02-01,Floreana,unifasciatus,35,1,,
FL18-02-01,Floreana,unifasciatus,8,2,,
FL18-02-01,Floreana,unifasciatus,5,2,,
FL18-02-01,Floreana,unifasciatus,4,2,,
FL18-02-01,Floreana,unifasciatus,11,2,,
FL18-02-01,Floreana,unifasciatus,9,1,,
FL18-02-01,Floreana,unifasciatus,4,4,,
FL18-02-01,Floreana,unifasciatus,39,3,,
FL18-02-01,Floreana,unifasciatus,5,2,,
FL18-02-01,Floreana,unifasciatus,3,2,,
FL18-02-01,Floreana,unifasciatus,0,1,,
FL18-02-01,Floreana,unifasciatus,0,1,,
FL18-02-01,Floreana,unifasciatus,84,2,,
FL18-02-01,Floreana,unifasciatus,6,2,,
FL18-02-01,Floreana,unifasciatus,1,3,,
FL18-02-01,Floreana,unifasciatus,44,4,,
FL18-02-01,Floreana,unifasciatus,13,1,,
FL18-02-01,Floreana,unifasciatus,58,3,,
FL18-02-01,Floreana,unifasciatus,18,2,,
FL18-02-01,Floreana,unifasciatus,27,3,,
FL18-02-01,Floreana,unifasciatus,7,1,,
FL18-02-01,Floreana,unifasciatus,5,4,,
FL18-02-01,Floreana,unifasciatus,19,1,,
FL18-02-01,Floreana,unifasciatus,18,2,,
FL18-02-01,Floreana,unifasciatus,0,1,,
FL18-02-01,Floreana,unifasciatus,0,2,,
FL18-02-01,Floreana,unifasciatus,0,1,,
FL18-02-01,Floreana,unifasciatus,0,1,,
FL10-028,Floreana,planospira,16,3,,
FL10-028,Floreana,planospira,2,3,,
FL10-028,Floreana,planospira,3,3,,
FL10-028,Floreana,planospira,4,3,,
FL10-028,Floreana,planospira,3,2,,
FL10-028,Floreana,planospira,0,1,,
FL10-028,Floreana,planospira,0,1,,
FL10-028,Floreana,planospira,0,1,,
FL10-028,Floreana,planospira,0,1,,
FL10-028,Floreana,planospira,0,1,,
FL10-028,Floreana,planospira,0,1,,
FL10-028,Floreana,planospira,0,2,,
FL10-028,Floreana,planospira,0,4,,
FL15,Floreana,planospira,1,1,,
FL15,Floreana,planospira,1,4,,
FL15,Floreana,planospira,1,2,,
FL15,Floreana,planospira,0,3,,
FL15,Floreana,planospira,0,3,,
FL15,Floreana,planospira,0,3,,
FL15,Floreana,planospira,0,1,,
FL15,Floreana,planospira,0,1,,
FL15,Floreana,planospira,0,1,,
FL15,Floreana,planospira,0,1,,
FL15,Floreana,planospira,0,1,,
FL15,Floreana,planospira,0,1,,
FL15,Floreana,planospira,0,1,,
FL15,Floreana,planospira,0,1,,
FL15,Floreana,planospira,0,1,,
FL15,Floreana,planospira,0,1,,
FL15,Floreana,planospira,3,3,,
FL15,Floreana,planospira,2,3,,
FL15,Floreana,planospira,0,2,,
FL15,Floreana,planospira,0,2,,
FL15,Floreana,planospira,0,3,,
FL15,Floreana,planospira,0,2,,
FL15,Floreana,planospira,0,1,,
FL15,Floreana,planospira,0,1,,
FL15,Floreana,planospira,0,1,,
FL15,Floreana,planospira,0,1,,
RA12-07,Rabida,spp5,50,2,maybe - but quite sure - they are super super small,
RA12-07,Rabida,spp5,12,2,,
RA12-07,Rabida,spp5,2,1,,
RA12-07,Rabida,spp5,19,1,,
RA12-07,Rabida,spp5,0,1,,
RA12-07,Rabida,spp5,0,1,,
RA12-07,Rabida,spp5,0,1,,
RA12-07,Rabida,spp5,0,1,,
RA12-07,Rabida,spp5,0,1,,
RA12-07,Rabida,spp5,0,1,,
RA12-07,Rabida,spp5,0,1,,
RA12-07,Rabida,spp5,0,1,,
RA12-07,Rabida,spp5,0,1,,
RA12-07,Rabida,spp5,0,1,,
RA12-07,Rabida,spp5,0,1,,
RA12-07,Rabida,spp5,0,1,,
RA12-07,Rabida,spp5,0,1,,
RA12-07,Rabida,spp5,0,1,,
RA12-07,Rabida,spp5,0,1,,
RA12-07,Rabida,spp5,0,1,,
RA12-07,Rabida,spp5,0,1,,
RA12-07,Rabida,spp5,0,1,,
RA12-07,Rabida,spp5,0,1,,
RA12-07,Rabida,spp5,0,1,,
RA12-07,Rabida,spp5,0,1,,
RA12-07,Rabida,spp5,0,1,,
RA12-07,Rabida,spp5,0,1,,
RA12-07,Rabida,spp5,0,1,,
RA12-07,Rabida,spp5,0,1,,
RA12-07,Rabida,spp5,0,1,,
RA12 ,Rabida,spp5,4,1,,
RA12 ,Rabida,spp5,1,1,,
RA12,Rabida,spp5,1,1,,
RA12,Rabida,spp5,11,2,,
RA12,Rabida,spp5,0,1,,
RA12,Rabida,spp5,0,1,,
RA12,Rabida,spp5,0,1,,
RA12,Rabida,spp5,0,1,,
RA12,Rabida,spp5,0,1,,
RA12,Rabida,spp5,0,1,,
RA12,Rabida,spp5,0,1,,
RA12,Rabida,spp5,0,1,,
RA12,Rabida,spp5,0,1,,
RA12,Rabida,spp5,0,1,,
RA12,Rabida,spp5,0,2,,
RA12,Rabida,spp5,0,2,,
RA12,Rabida,spp5,0,2,,
RA12,Rabida,spp5,0,2,,
RA12,Rabida,spp5,0,1,,
RA12,Rabida,spp5,0,1,,
FL14-08,Floreana,nux,8,3,,
FL14-08,Floreana,nux,1,3,,
FL14-08,Floreana,nux,2,33,,
FL14-08,Floreana,nux,2,4,,
FL14-08,Floreana,nux,4,4,,
FL14-08,Floreana,nux,0,4,,
FL14-08,Floreana,nux,0,4,,
FL14-08,Floreana,nux,0,4,,
FL14-08,Floreana,nux,0,4,,
FL14-08,Floreana,nux,0,3,,
FL14-08,Floreana,nux,0,3,,
FL14-08,Floreana,nux,3,4,,
FL14-08,Floreana,nux,3,4,,
FL14-08,Floreana,nux,7,4,,
FL14-08,Floreana,nux,3,4,,
FL14-08,Floreana,nux,2,4,,
FL14-08,Floreana,nux,2,4,,
FL14-08,Floreana,nux,5,3,,
FL14-08,Floreana,nux,2,2,,
FL14-08,Floreana,nux,23,3,,
FL14-08,Floreana,nux,0,3,,
FL14-08,Floreana,nux,0,3,,
FL14-08,Floreana,nux,0,3,,
FL14-08,Floreana,nux,0,3,,
FL14-08,Floreana,nux,0,3,,
FL14-08,Floreana,nux,0,3,,
FL14-08,Floreana,nux,0,3,,
FL14-08,Floreana,nux,0,3,,
FL15-14-16,Floreana,nux,61,3,,
FL15-14-16,Floreana,nux,1,4,,
FL15-14-16,Floreana,nux,5,4,,
FL15-14-16,Floreana,nux,6,4,,
FL15-14-16,Floreana,nux,1,4,,
FL15-14-16,Floreana,nux,0,2,,
FL15-14-16,Floreana,nux,0,4,,
FL15-14-16,Floreana,nux,0,4,,
FL15-14-16,Floreana,nux,0,4,,
FL15-14-16,Floreana,nux,0,4,,
FL15,Floreana,nux,3,3,,
FL15,Floreana,nux,3,4,,
FL15,Floreana,nux,3,4,,
FL15,Floreana,nux,0,4,,
FL15,Floreana,nux,0,4,,
FL15,Floreana,nux,0,4,,
FL15,Floreana,nux,0,4,,
FL15,Floreana,nux,0,3,,
FL15,Floreana,nux,0,3,,
FL15,Floreana,nux,0,3,,
FL15,Floreana,nux,0,3,,
FL15,Floreana,nux,0,3,,
SF15-01,Santa_Fe,spp6,1,1,,
SF15-01,Santa_Fe,spp6,2,,,
SF15-01,Santa_Fe,spp6,0,2,,
SF15-01,Santa_Fe,spp6,0,2,,
SF15-01,Santa_Fe,spp6,0,2,,
SF15-01,Santa_Fe,spp6,0,1,,
SF15-01,Santa_Fe,spp6,0,1,,
SF15-01,Santa_Fe,spp6,0,1,,
SF15-01,Santa_Fe,spp6,0,1,,
SF15-01,Santa_Fe,spp6,0,1,,
SF15-01,Santa_Fe,spp6,0,1,,
SF15-01,Santa_Fe,spp6,0,1,,
SF15-01,Santa_Fe,spp6,0,1,,
SF15-01,Santa_Fe,spp6,0,1,,
SF15-01,Santa_Fe,spp6,0,1,,
SF15-01,Santa_Fe,spp6,0,1,,
SF15-01,Santa_Fe,spp6,0,1,,
SF15-01,Santa_Fe,spp6,0,1,,
SF15-01,Santa_Fe,spp6,0,1,,
SF15-01,Santa_Fe,spp6,0,1,,
SF15-01,Santa_Fe,spp6,0,1,,
SF15-02,Santa_Fe,spp6,0,1,,
SF15-02,Santa_Fe,spp6,0,1,,
SF15-02,Santa_Fe,spp6,0,1,,
SF15-02,Santa_Fe,spp6,0,1,,
SF15-02,Santa_Fe,spp6,10,1,,
SF15-02,Santa_Fe,spp6,0,2,,
SF15-02,Santa_Fe,spp6,0,2,,
SF15-02,Santa_Fe,spp6,0,1,,
SF15-02,Santa_Fe,spp6,0,1,,
SF15-02,Santa_Fe,spp6,0,3,,
SF15-02,Santa_Fe,spp6,0,3,,
SF15-02,Santa_Fe,spp6,0,3,,
SF15-02,Santa_Fe,spp6,0,3,,
ES17-02,Espanola,spp7,46,3,,
ES17-02,Espanola,spp7,>100,1,,
ES17-02,Espanola,spp7,70,3,,
ES17-02,Espanola,spp7,60,1,,
ES17-02,Espanola,spp7,50,1,,
ES17-02,Espanola,spp7,14,2,,
ES17-02,Espanola,spp7,30,1,,
ES17-02,Espanola,spp7,94,2,,
ES17-02,Espanola,spp7,40,2,,
ES17-02,Espanola,spp7,>100,1,,
ES17-02,Espanola,spp7,>100,2,,
ES17-02,Espanola,spp7,>100,1,,
ES17-02,Espanola,spp7,0,1,,
ES17-02,Espanola,spp7,0,1,,
ES17-02,Espanola,spp7,0,1,,
ES17-02,Espanola,spp7,0,2,,
ES17-06,Espanola,spp7,33,3,,
ES17-06,Espanola,spp7,6,2,,
ES17-06,Espanola,spp7,>100,3,,
ES17-06,Espanola,spp7,>100,1,,
ES17-06,Espanola,spp7,>100,3,,
ES17-06,Espanola,spp7,>100,1,,
ES17-06,Espanola,spp7,3,3,,
ES17-06,Espanola,spp7,>100,2,,
ES17-06,Espanola,spp7,>100,1,,
ES17-06,Espanola,spp7,26,2,,
ES17-06,Espanola,spp7,0,1,,
ES17-06,Espanola,spp7,0,1,,
ES17-06,Espanola,spp7,0,1,,
ES17-06,Espanola,spp7,0,1,,
ES17-06,Espanola,spp7,0,1,,
ES17-06,Espanola,spp7,0,1,,
ES17-Peak,Espanola,spp7,4,1,,
ES17-Peak,Espanola,spp7,5,2,,
ES17-Peak,Espanola,spp7,8,1,,
ES17-Peak,Espanola,spp7,>100,3,,
ES17-Peak,Espanola,spp7,90,1,,
ES17-Peak,Espanola,spp7,0,4,,
ES17-Peak,Espanola,spp7,0,2,,
ES17-Peak,Espanola,spp7,0,3,,
ES17-Peak,Espanola,spp7,0,1,,
ES17-03,Espanola,spp7,4,3,,
ES17-03,Espanola,spp7,>100,3,,
ES17-03,Espanola,spp7,61,3,,
ES17-03,Espanola,spp7,1,2,,
ES17-03,Espanola,spp7,>100,3,,
ES17-03,Espanola,spp7,>100,1,,
ES17-03,Espanola,spp7,0,1,,
ES17-03,Espanola,spp7,0,2,,
ES17-03,Espanola,spp7,0,2,,
CA05--8,Isabela,spp8,2,3,maybe,
CA05--8,Isabela,spp8,0,3,,
CA05--8,Isabela,spp8,0,3,,
CA05--8,Isabela,spp8,0,3,,
CA05--8,Isabela,spp8,0,4,,
CA05--8,Isabela,spp8,0,4,,
CA05--8,Isabela,spp8,0,2,,
CA05--8,Isabela,spp8,0,2,,
CA05--8,Isabela,spp8,0,2,,
CA05--8,Isabela,spp8,0,1,,
CA05--8,Isabela,spp8,0,1,,
CA05--8,Isabela,spp8,0,1,,
CA05--8,Isabela,spp8,0,1,,
CA05--8,Isabela,spp8,0,1,,
CA05--8,Isabela,spp8,0,1,,
CA05--8,Isabela,spp8,0,1,,
CA05--8,Isabela,spp8,0,1,,
CA05--8,Isabela,spp8,0,1,,
CA05--8,Isabela,spp8,0,1,,
CA05--8,Isabela,spp8,0,1,,
CA05-10,Isabela,spp8,1,3,,
CA05-10,Isabela,spp8,4,4,,
CA05-10,Isabela,spp8,3,3,,
CA05-10,Isabela,spp8,15,3,,
CA05-10,Isabela,spp8,0,1,,
CA05-10,Isabela,spp8,0,1,,
CA05-10,Isabela,spp8,0,1,,
CA05-10,Isabela,spp8,0,1,,
CA05-10,Isabela,spp8,0,1,,
CA05-10,Isabela,spp8,0,3,,
CA05-10,Isabela,spp8,0,3,,
CA05-10,Isabela,spp8,0,3,,
CA05-10,Isabela,spp8,0,3,,
CA05-10,Isabela,spp8,0,3,,
CA05-10,Isabela,spp8,0,3,,
CA05-10,Isabela,spp8,0,3,,
CA05-10,Isabela,spp8,0,3,,
CA05-10,Isabela,spp8,0,3,,
CA05-10,Isabela,spp8,0,3,,
CA05-10,Isabela,spp8,0,3,,
CA05-05,Isabela,spp8,1,1,,
CA05-05,Isabela,spp8,17,2,,
CA05-05,Isabela,spp8,5,1,,
CA05-05,Isabela,spp8,1,2,,
CA05-05,Isabela,spp8,0,1,,
CA05-05,Isabela,spp8,0,1,,
CA05-05,Isabela,spp8,0,1,,
CA05-05,Isabela,spp8,0,1,,
CA05-05,Isabela,spp8,0,1,,
CA05-05,Isabela,spp8,0,1,,
PI02-03,Pinzon,spp9,17,1,,
PI02-03,Pinzon,spp9,8,1,,
PI02-03,Pinzon,spp9,57,1,,
PI02-03,Pinzon,spp9,3,1,,
PI02-03,Pinzon,spp9,30,2,,
PI02-03,Pinzon,spp9,35,1,,
PI02-03,Pinzon,spp9,34,1,,
PI02-03,Pinzon,spp9,0,1,,
PI02-03,Pinzon,spp9,0,1,,
PI02-03,Pinzon,spp9,0,1,,
PI02-03,Pinzon,spp9,0,1,,
PI02-03,Pinzon,spp9,0,1,,
PI02-03,Pinzon,spp9,0,2,,
PI14,Pinzon,spp9,7,1,,
PI14,Pinzon,spp9,55,3,,
PI14,Pinzon,spp9,6,1,,
PI14,Pinzon,spp9,0,1,,
PI14,Pinzon,spp9,0,1,,
PI14,Pinzon,spp9,0,1,,
PI14,Pinzon,spp9,0,1,,
PI14,Pinzon,spp9,0,1,,
PI14,Pinzon,spp9,0,1,,
PI14,Pinzon,spp9,0,1,,
PI14,Pinzon,spp9,0,1,,
PI14,Pinzon,spp9,0,1,,
PI14,Pinzon,spp9,0,3,,
PI14,Pinzon,spp9,5,2,,
PI01-03,Pinzon,spp9,25,1,,
PI01-03,Pinzon,spp9,>100,2,super tiny,
PI01-03,Pinzon,spp9,0,1,,
PI01-03,Pinzon,spp9,0,1,,
PI01-03,Pinzon,spp9,0,1,,
PI01-03,Pinzon,spp9,0,1,,
PI01-03,Pinzon,spp9,0,1,,
PI01-03,Pinzon,spp9,0,1,,
PI01-03,Pinzon,spp9,0,1,,
PI01-03,Pinzon,spp9,0,1,,
PI01-03,Pinzon,spp9,0,1,,
PI01-03,Pinzon,spp9,0,1,,
PI01-03,Pinzon,spp9,0,1,,
PI01-03,Pinzon,spp9,0,1,,
PI01-03,Pinzon,spp9,0,1,,
PI01-03,Pinzon,spp9,19,1,,
PI01-03,Pinzon,spp9,50,1,,
PI01-03,Pinzon,spp9,10,1,,
PI01-03,Pinzon,spp9,0,1,,
PI01-03,Pinzon,spp9,0,1,,
PI01-03,Pinzon,spp9,0,1,,
PI01-03,Pinzon,spp9,0,1,,
PI01-03,Pinzon,spp9,0,1,,
PI01-03,Pinzon,spp9,0,1,,
FL18-08,Floreana,ustulatus,1,4,,
FL18-08,Floreana,ustulatus,1,4,,
FL18-08,Floreana,ustulatus,5,3,,
FL18-08,Floreana,ustulatus,0,1,,
FL18-08,Floreana,ustulatus,0,1,,
FL18-08,Floreana,ustulatus,0,1,,
FL18-08,Floreana,ustulatus,0,1,,
FL18-08,Floreana,ustulatus,0,1,,
FL18-08,Floreana,ustulatus,0,1,,
FL18-08,Floreana,ustulatus,0,1,,
FL18-08,Floreana,ustulatus,0,2,,
FL18-08,Floreana,ustulatus,0,2,,
FL18-08,Floreana,ustulatus,0,2,,
FL18-08,Floreana,ustulatus,0,2,,
FL18-08,Floreana,ustulatus,0,3,,
FL18-08,Floreana,ustulatus,0,3,,
FL18-08,Floreana,ustulatus,0,3,,
FL18-08,Floreana,ustulatus,0,3,,
FL18-08,Floreana,ustulatus,0,3,,
FL18-08,Floreana,ustulatus,0,3,,
FL18-08,Floreana,ustulatus,0,3,,
FL18-08,Floreana,ustulatus,0,3,,
FL18-08,Floreana,ustulatus,0,3,,
FL18-08,Floreana,ustulatus,0,3,,
FL18-08,Floreana,ustulatus,0,3,,
FL18-08,Floreana,ustulatus,0,3,,
FL18-08,Floreana,ustulatus,0,2,,
FL15,Floreana,ustulatus,1,1,,
FL15,Floreana,ustulatus,0,2,,
FL15,Floreana,ustulatus,0,2,,
FL15,Floreana,ustulatus,0,2,,
FL15,Floreana,ustulatus,0,2,,
FL15,Floreana,ustulatus,0,4,,
FL15,Floreana,ustulatus,0,1,,
FL15,Floreana,ustulatus,0,1,,
FL15,Floreana,ustulatus,0,1,,
FL15,Floreana,ustulatus,0,1,,
FL15,Floreana,ustulatus,0,1,,
FL15,Floreana,ustulatus,0,1,,
FL15,Floreana,ustulatus,0,1,,
FL15,Floreana,ustulatus,0,1,,
FL15,Floreana,ustulatus,0,1,,
FL15,Floreana,ustulatus,0,1,,
FL15,Floreana,ustulatus,0,1,,
FL15,Floreana,ustulatus,0,1,,
FL15,Floreana,ustulatus,0,1,,
FL15,Floreana,ustulatus,0,1,,
FL15,Floreana,ustulatus,0,1,,
FL15,Floreana,ustulatus,0,1,,
FL15,Floreana,ustulatus,0,1,,
FL15,Floreana,ustulatus,0,1,,
FL15,Floreana,ustulatus,0,1,,
FL15,Floreana,ustulatus,0,1,,
FL15,Floreana,ustulatus,0,1,,
FL15,Floreana,ustulatus,0,1,,
SC01-02,Santa_Cruz,cavagnaroi,2,2,,
SC01-02,Santa_Cruz,cavagnaroi,17,1,,
SC01-02,Santa_Cruz,cavagnaroi,1,3,,
SC01-02,Santa_Cruz,cavagnaroi,0,2,,
SC01-02,Santa_Cruz,cavagnaroi,0,2,,
SC01-02,Santa_Cruz,cavagnaroi,0,2,,
sc15-16,Santa_Cruz,cavagnaroi,9,2,,
sc15-16,Santa_Cruz,cavagnaroi,0,1,,
sc15-16,Santa_Cruz,cavagnaroi,0,1,,
sc15-16,Santa_Cruz,cavagnaroi,0,1,,
sc15-16,Santa_Cruz,cavagnaroi,0,1,,
sc15-02,Santa_Cruz,cavagnaroi,1,2,,
sc15-02,Santa_Cruz,cavagnaroi,0,1,,
sc15-02,Santa_Cruz,cavagnaroi,0,1,,
sc01 ,Santa_Cruz,cavagnaroi,0,1,,
sc01 ,Santa_Cruz,cavagnaroi,0,1,,
sc01 ,Santa_Cruz,cavagnaroi,0,1,,
sc01 ,Santa_Cruz,cavagnaroi,0,1,,
sc01-03,Santa_Cruz,cavagnaroi,1,2,,
sc01-03,Santa_Cruz,cavagnaroi,0,1,,
sc01-03,Santa_Cruz,cavagnaroi,0,1,,
sc01-03,Santa_Cruz,cavagnaroi,0,1,,
sc01-03,Santa_Cruz,cavagnaroi,0,1,,
sc01-03,Santa_Cruz,cavagnaroi,0,1,maybe,
sc15-02,Santa_Cruz,cavagnaroi,50,1,maybe,
sc15-02,Santa_Cruz,cavagnaroi,6,2,,
sc15-02,Santa_Cruz,cavagnaroi,0,1,,
sc15-02,Santa_Cruz,cavagnaroi,0,1,,
sc15-02,Santa_Cruz,cavagnaroi,0,1,,
sc15-02,Santa_Cruz,cavagnaroi,0,1,,
sc15,Santa_Cruz,cavagnaroi,0,1,,
sc15,Santa_Cruz,cavagnaroi,0,1,,
sc15,Santa_Cruz,cavagnaroi,0,1,,
sc15,Santa_Cruz,cavagnaroi,0,1,,
sc15,Santa_Cruz,cavagnaroi,0,1,,
sc15-A,Santa_Cruz,cavagnaroi,5,2,,
sc15-A,Santa_Cruz,cavagnaroi,0,1,,
sc15-A,Santa_Cruz,cavagnaroi,0,1,,
sc15-A,Santa_Cruz,cavagnaroi,0,1,,
sc15-16,Santa_Cruz,cavagnaroi,1,1,,
sc15-16,Santa_Cruz,cavagnaroi,1,1,,
sc15-16,Santa_Cruz,cavagnaroi,1,1,,
sc15-16,Santa_Cruz,cavagnaroi,1,1,,
sc01-A,Santa_Cruz,cavagnaroi,1,1,,
sc-GR-01,Santa_Cruz,olla,29,1,,
sc-GR-01,Santa_Cruz,olla,19,1,,
sc-GR-01,Santa_Cruz,olla,2,1,,
sc-GR-01,Santa_Cruz,olla,0,2,,
sc-GR-01,Santa_Cruz,olla,0,2,,
sc-GR-01,Santa_Cruz,olla,0,2,,
sc-GR-01,Santa_Cruz,olla,0,1,,
sc-GR-01,Santa_Cruz,olla,0,1,,
sc-GR-01,Santa_Cruz,olla,0,1,,
sc-GR-01,Santa_Cruz,olla,0,1,,
sc-GR-01,Santa_Cruz,olla,0,1,,
sc-GR-01,Santa_Cruz,olla,0,1,,
sc-GR-01,Santa_Cruz,olla,0,1,,
sc-GR-01,Santa_Cruz,olla,0,1,,
sc-GR-01,Santa_Cruz,olla,0,1,,
sc-GR-01,Santa_Cruz,olla,0,1,,
sc-GR-01,Santa_Cruz,olla,0,1,,
sc-GR-01,Santa_Cruz,olla,0,1,,
sc-GR-01,Santa_Cruz,olla,0,1,,
sc-GR-01,Santa_Cruz,olla,0,1,,
sc-GR-01,Santa_Cruz,olla,0,1,,
sc-GR-01,Santa_Cruz,olla,0,1,,
sc-GR-01,Santa_Cruz,olla,0,1,,
sc-GR-01,Santa_Cruz,olla,0,1,,
SC03-A,Santa_Cruz,olla,3,2,,
SC03-A,Santa_Cruz,olla,0,1,,
SC03-A,Santa_Cruz,olla,0,1,,
SC03-A,Santa_Cruz,olla,0,1,,
SC03-A,Santa_Cruz,olla,0,1,,
SC03-A,Santa_Cruz,olla,0,1,,
SC03-A,Santa_Cruz,olla,0,1,,
SC03-A,Santa_Cruz,olla,0,1,,
SC01-GR,Santa_Cruz,olla,4,1,,
SC01-GR,Santa_Cruz,olla,2,1,,
SC01-GR,Santa_Cruz,olla,0,2,,
SC01-GR,Santa_Cruz,olla,0,2,,
FL19-17,Floreana,invalidus,2,1,maybe,
FL19-17,Floreana,invalidus,1,1,,
FL19-17,Floreana,invalidus,1,1,,
FL19-17,Floreana,invalidus,1,0,,
FL19-17,Floreana,invalidus,1,0,,
FL19-17,Floreana,invalidus,1,0,,
FL19-17,Floreana,invalidus,1,0,,
FL19-17,Floreana,invalidus,1,0,,
FL19-17,Floreana,invalidus,1,0,,
FL19-17,Floreana,invalidus,1,0,,
FL19-17,Floreana,invalidus,1,0,,
FL19-17,Floreana,invalidus,1,0,,
FL19-17,Floreana,invalidus,1,0,,
FL19-17,Floreana,invalidus,1,0,,
FL19-17,Floreana,invalidus,1,0,,
FL19-17,Floreana,invalidus,1,0,,
FL19-17,Floreana,invalidus,1,0,,
FL19-17,Floreana,invalidus,1,0,,
FL19-17,Floreana,invalidus,1,0,,
FL19-17,Floreana,invalidus,1,0,,
FL19-17,Floreana,invalidus,1,0,,
FL19-17,Floreana,invalidus,1,0,,
FL19-17,Floreana,invalidus,1,0,,
FL19-17,Floreana,invalidus,1,0,,
FL19-17,Floreana,invalidus,1,0,,
FL19-17,Floreana,invalidus,1,0,,
FL19-17,Floreana,invalidus,1,0,,
FL19-17,Floreana,invalidus,1,0,,
FL19-17,Floreana,invalidus,1,0,,
FL19-17,Floreana,invalidus,1,0,,
FL19-17,Floreana,invalidus,1,0,,
FL19-17,Floreana,invalidus,1,0,,
FL19-17,Floreana,invalidus,1,0,,
FL19-17,Floreana,invalidus,1,0,,
FL19-17,Floreana,invalidus,1,0,,
FL19-17,Floreana,invalidus,1,0,,
FL19-17,Floreana,invalidus,1,0,,
FL19-17,Floreana,invalidus,1,0,,
FL19-17,Floreana,invalidus,1,0,,
FL19-17,Floreana,invalidus,1,0,,
FL19-17,Floreana,invalidus,1,0,,
FL19-17,Floreana,invalidus,1,0,,
FL19-17,Floreana,invalidus,1,0,,
FL19-17,Floreana,invalidus,1,0,,
FL19-17,Floreana,invalidus,1,0,,
FL19-17,Floreana,invalidus,1,0,,
FL19-17,Floreana,invalidus,1,0,,
FL19-17,Floreana,invalidus,1,0,,
FL19-17,Floreana,invalidus,1,0,,
FL19-17,Floreana,invalidus,1,0,,
FL19-17,Floreana,invalidus,1,0,,
FL19-17,Floreana,invalidus,1,0,,
FL19-17,Floreana,invalidus,1,0,,
FL19-17,Floreana,invalidus,1,0,,
FL19-17,Floreana,invalidus,1,0,,
FL19-17,Floreana,invalidus,1,0,,
FL19-17,Floreana,invalidus,1,0,,
FL19-17,Floreana,invalidus,1,0,,
FL19-17,Floreana,invalidus,1,0,,
FL19-17,Floreana,invalidus,1,0,,
FL19-17,Floreana,invalidus,1,0,,
FL19-17,Floreana,invalidus,1,0,,
FL19-17,Floreana,invalidus,1,0,,
SC01-GR,Santa_Cruz,lycodus,50,1,,
SC01-GR,Santa_Cruz,lycodus,15,1,,
SC01-GR,Santa_Cruz,lycodus,11,1,,
SC01-GR,Santa_Cruz,lycodus,0,1,,
SC01-GR,Santa_Cruz,lycodus,0,1,,
SC01-GR,Santa_Cruz,lycodus,0,1,,
SC01-GR,Santa_Cruz,lycodus,0,1,,
SC01-GR,Santa_Cruz,lycodus,0,1,,
SC01-GR,Santa_Cruz,lycodus,0,1,,
SC01-GR,Santa_Cruz,lycodus,0,1,,
SC01-GR,Santa_Cruz,lycodus,0,1,,
SC01-GR,Santa_Cruz,lycodus,0,1,,
SC01-GR,Santa_Cruz,lycodus,0,1,,
SC01-GR,Santa_Cruz,lycodus,0,1,,
SC01-GR,Santa_Cruz,lycodus,0,1,,
SC01-GR,Santa_Cruz,lycodus,0,1,,
SC01-GR,Santa_Cruz,lycodus,0,1,,
SC01-GR,Santa_Cruz,lycodus,0,1,,
SC01-GR,Santa_Cruz,lycodus,0,1,,
SC01-GR,Santa_Cruz,lycodus,0,1,,
SC01-GR,Santa_Cruz,lycodus,0,1,,
SC01-GR,Santa_Cruz,lycodus,0,1,,
SC01-GR,Santa_Cruz,lycodus,0,1,,
SC01-GR,Santa_Cruz,lycodus,0,1,,
SC01-GR,Santa_Cruz,lycodus,0,1,,
SC15-11,Santa_Cruz,lycodus,5,1,,
SC15-11,Santa_Cruz,lycodus,3,1,,
SC15-11,Santa_Cruz,lycodus,1,1,,
SC15-11,Santa_Cruz,lycodus,0,1,,
SC15-11,Santa_Cruz,lycodus,0,1,,
SC15-11,Santa_Cruz,lycodus,0,1,,
SC15-11,Santa_Cruz,lycodus,0,1,,
SC15-11,Santa_Cruz,lycodus,0,1,,
SC15-11,Santa_Cruz,lycodus,0,1,,
SC15-11,Santa_Cruz,lycodus,0,1,,
SC15-11,Santa_Cruz,lycodus,0,1,,
SC15-11,Santa_Cruz,lycodus,0,1,,
SC15-11,Santa_Cruz,lycodus,0,1,,
SC15-11,Santa_Cruz,lycodus,0,1,,
SC15-11,Santa_Cruz,lycodus,0,1,,
SC15-11,Santa_Cruz,lycodus,0,1,,
SC15-11,Santa_Cruz,lycodus,0,1,,
SC15-11,Santa_Cruz,lycodus,0,1,,
SC15-11,Santa_Cruz,lycodus,0,1,,
SC15-11,Santa_Cruz,lycodus,0,1,,
SC15-11,Santa_Cruz,lycodus,0,1,,
SC15-11,Santa_Cruz,lycodus,0,1,,
SC15-11,Santa_Cruz,lycodus,0,1,,
SC15-11,Santa_Cruz,lycodus,0,1,,
SC15-11,Santa_Cruz,lycodus,0,1,,
ES-02-03,Espanola,spp10,3,1,maybe,
ES-02-03,Espanola,spp10,1,4,maybe,
ES-02-03,Espanola,spp10,0,4,,
ES-02-03,Espanola,spp10,0,4,,
ES-02-03,Espanola,spp10,0,4,,
ES-02-03,Espanola,spp10,0,4,,
ES-02-03,Espanola,spp10,0,4,,
ES-02-03,Espanola,spp10,0,4,,
ES-02-03,Espanola,spp10,0,4,,
ES-02-03,Espanola,spp10,0,4,,
ES-02-03,Espanola,spp10,0,4,,
ES-02-03,Espanola,spp10,0,4,,
ES-02-03,Espanola,spp10,0,4,,
ES-02-03,Espanola,spp10,0,4,,
ES-02-03,Espanola,spp10,0,4,,
ES-02-03,Espanola,spp10,0,4,,
ES-02-03,Espanola,spp10,0,4,,
ES-02-03,Espanola,spp10,0,4,,
ES-02-03,Espanola,spp10,0,4,,
ES-02-03,Espanola,spp10,0,2,,
ES-02-03,Espanola,spp10,0,2,,
ES-02-03,Espanola,spp10,0,2,,
ES-02-03,Espanola,spp10,0,2,,
ES-02-03,Espanola,spp10,0,2,,
ES-02-03,Espanola,spp10,0,2,,
ES-02-03,Espanola,spp10,0,4,,
ES-02-03,Espanola,spp10,0,4,,
ES-02-03,Espanola,spp10,0,4,,
ES-02-03,Espanola,spp10,0,4,,
ES-02-03,Espanola,spp10,0,4,,
ES-02-03,Espanola,spp10,0,4,,
ES-02-03,Espanola,spp10,0,4,,
ES-02-03,Espanola,spp10,0,4,,
ES-02-03,Espanola,spp10,0,4,,
ES-02-03,Espanola,spp10,0,4,,
ES-02-03,Espanola,spp10,0,4,,
ES-02-03,Espanola,spp10,0,4,,
ES-02-03,Espanola,spp10,0,4,,
ES-02-03,Espanola,spp10,0,4,,
ES-02-03,Espanola,spp10,0,4,,
ES-02  ,Espanola,spp10,0,2,,
ES-02  ,Espanola,spp10,0,2,,
ES-02,Espanola,spp10,0,2,,
ES-02,Espanola,spp10,0,1,,
ES-02,Espanola,spp10,0,1,,
ES-02,Espanola,spp10,0,1,,
ES-02,Espanola,spp10,0,1,,
ES-02,Espanola,spp10,0,1,,
ES-02,Espanola,spp10,0,1,,
ES-02,Espanola,spp10,0,1,,
ES-02,Espanola,spp10,0,1,,
PI-14,Pinzon,spp11,15,2,,
PI-14,Pinzon,spp11,0,3,,
PI-14,Pinzon,spp11,0,3,,
PI-14,Pinzon,spp11,0,2,,
PI-14,Pinzon,spp11,0,2,,
PI-14,Pinzon,spp11,0,2,,
PI-14,Pinzon,spp11,0,2,,
PI-14,Pinzon,spp11,0,2,,
PI-14,Pinzon,spp11,0,2,,
PI-14,Pinzon,spp11,0,2,,
PI-14,Pinzon,spp11,0,1,,
PI-14,Pinzon,spp11,0,1,,
PI-14,Pinzon,spp11,0,1,,
PI-14,Pinzon,spp11,0,1,,
PI-14,Pinzon,spp11,0,1,,
PI-14,Pinzon,spp11,0,1,,
PI-14,Pinzon,spp11,0,1,,
PI-14,Pinzon,spp11,0,1,,
PI-14,Pinzon,spp11,0,1,,
PI-14,Pinzon,spp11,0,2,,
PI-14,Pinzon,spp11,0,2,,
PI-14,Pinzon,spp11,0,2,,
PI-14,Pinzon,spp11,0,2,,
PI-14,Pinzon,spp11,0,2,,
PI-14,Pinzon,spp11,3,4,,
PI-14,Pinzon,spp11,0,2,,
PI-14,Pinzon,spp11,0,2,,
PI-14,Pinzon,spp11,0,2,,
PI-14,Pinzon,spp11,0,2,,
PI-14,Pinzon,spp11,0,2,,
PI-14,Pinzon,spp11,0,2,,
PI-14,Pinzon,spp11,0,4,,
PI-14,Pinzon,spp11,0,4,,
PI-14,Pinzon,spp11,0,4,,
PI-14,Pinzon,spp11,0,4,,
PI-14,Pinzon,spp11,0,4,,
PI-14,Pinzon,spp11,0,4,,
PI-14,Pinzon,spp11,0,4,,
PI-14,Pinzon,spp11,0,4,,
PI-14,Pinzon,spp11,0,4,,
PI-14,Pinzon,spp11,0,3,,
PI-14,Pinzon,spp11,0,3,,
PI-14,Pinzon,spp11,0,1,,
PI-14,Pinzon,spp11,0,1,,
PI-14,Pinzon,spp11,0,1,,
PI-14,Pinzon,spp11,0,1,,
PI-14,Pinzon,spp11,0,1,,
PI-14,Pinzon,spp11,0,1,,
PI-14,Pinzon,spp11,0,1,,
PI-14,Pinzon,spp11,0,1,,
PI-14,Pinzon,spp11,0,1,,
PI-14,Pinzon,spp11,0,1,,
PI-14,Pinzon,spp11,0,1,,
PI-14,Pinzon,spp11,0,1,,
PI12-29-1-03,Pinzon,spp12,0,1,,
PI12-29-1-04,Pinzon,spp12,0,1,,
PI12-29-1-05,Pinzon,spp12,90,1,,
PI12-29-1-01,Pinzon,spp12,19,1,,
PI12-21-1-01,Pinzon,spp12,12,1,,
PI12-29-1-02,Pinzon,spp12,0,1,,
PI12-21-1-02,Pinzon,spp12,0,1,,
PI12-21-1-03,Pinzon,spp12,>100,1,,
SN1501-011-no1-xray,Isabela,simrothi,8,1,,
SN15001-011-no5-xray,Isabela,simrothi,27,3,,
SN1501-011-no6-xray,Isabela,simrothi,0,1,,
SN1501-011-no3-xray,Isabela,simrothi,25,1,,
SN1501-001-n01-xray,Isabela,simrothi,5,1,,
SN15-03-01-02,Isabela,simrothi,0,1,,
SN19-23-01,Isabela,simrothi,0,3,,
SN19-23-01,Isabela,simrothi,0,3,,
SN19-23-01,Isabela,simrothi,0,3,,
SN19-23-01,Isabela,simrothi,0,3,,
SN19-23-01,Isabela,simrothi,0,3,,
SN19-20-01,Isabela,simrothi,0,3,,
SN19-20-01,Isabela,simrothi,0,3,,
SN19-20-01,Isabela,simrothi,0,3,,
SN19-20-01,Isabela,simrothi,0,3,,
SN19-20-01,Isabela,simrothi,0,3,,
SN19-20-01,Isabela,simrothi,0,3,,
SN05-10,Isabela,tortuganus,7,2,,
SN05-10,Isabela,tortuganus,1,2,,
SN05-10,Isabela,tortuganus,0,3,,
SN05-10,Isabela,tortuganus,0,3,,
SN05-10,Isabela,tortuganus,0,3,,
SN05-10,Isabela,tortuganus,0,2,,
SN05-10,Isabela,tortuganus,0,2,,
SN05-10,Isabela,tortuganus,0,2,,
SN05-10,Isabela,tortuganus,0,2,,
SN05-10,Isabela,tortuganus,0,2,,
SN05-10,Isabela,tortuganus,0,1,,
SN05-10,Isabela,tortuganus,0,1,,
SN05-10,Isabela,tortuganus,0,1,,
SN05-10,Isabela,tortuganus,0,1,,
SN05-10,Isabela,tortuganus,0,1,,
SN05-10,Isabela,tortuganus,0,1,,
SN05-10,Isabela,tortuganus,0,1,,
SN05-10,Isabela,tortuganus,0,1,,
SN05-10,Isabela,tortuganus,0,1,,
SN05-10,Isabela,tortuganus,0,1,,
SN05-10,Isabela,tortuganus,0,1,,
SN05-10,Isabela,tortuganus,0,1,,
SN05-10,Isabela,tortuganus,0,1,,
SN05-10,Isabela,tortuganus,0,1,,
SN05-10,Isabela,tortuganus,2,1,,
SN05-10,Isabela,tortuganus,0,1,,
SN05-10,Isabela,tortuganus,0,1,,
SN05-10,Isabela,tortuganus,0,1,,
SN05-10,Isabela,tortuganus,0,1,,
SN05-10,Isabela,tortuganus,0,1,,
SN05-10,Isabela,tortuganus,0,1,,
SN05-10,Isabela,tortuganus,0,2,,
SN05-10,Isabela,tortuganus,0,2,,
SN05-10,Isabela,tortuganus,0,2,,
SN05-10,Isabela,tortuganus,0,2,,
SN05-10,Isabela,tortuganus,0,2,,
SN19-39,Isabela,tortuganus,19,1,,
SN19-39,Isabela,tortuganus,58,2,,
SN19-39,Isabela,tortuganus,22,1,,
SN19-39,Isabela,tortuganus,2,2,,
SN19-39,Isabela,tortuganus,2,1,,
SN19-39,Isabela,tortuganus,2,1,,
SN19-39,Isabela,tortuganus,22,1,,
SN19-39,Isabela,tortuganus,6,1,,
SN19-39,Isabela,tortuganus,14,1,,
SN19-39,Isabela,tortuganus,11,1,,
SN19-39,Isabela,tortuganus,0,1,,
SN19-39,Isabela,tortuganus,0,1,,
SN19-39,Isabela,tortuganus,0,1,,
SN19-39,Isabela,tortuganus,0,3,,
SN19-12-01,Isabela,albermarlensis,0,1,,
SN19-12-01,Isabela,albermarlensis,0,1,,
SN19-12-01,Isabela,albermarlensis,2,1,,
SN19-12-01,Isabela,albermarlensis,2,1,,
SN19-12-01,Isabela,albermarlensis,1,1,,
SN19-12-01,Isabela,albermarlensis,0,1,,
SN19-12-01,Isabela,albermarlensis,0,1,,
SN19-12-01,Isabela,albermarlensis,0,1,,
SN19-12-01,Isabela,albermarlensis,0,1,,
SN19-12-01,Isabela,albermarlensis,0,1,,
SN19-12-01,Isabela,albermarlensis,5,3,,
SN19-12-01,Isabela,albermarlensis,2,1,,
SN19-12-01,Isabela,albermarlensis,4,1,,
SN19-12-01,Isabela,albermarlensis,0,1,,
SN19-12-01,Isabela,albermarlensis,0,1,,
SN19-12-01,Isabela,albermarlensis,0,1,,
SN05-06,Isabela,albermarlensis,1,2,,
SN19-19,Isabela,albermarlensis,0,0,,
SN19-19,Isabela,albermarlensis,0,0,,
SN14-04-1-02,Isabela,albermarlensis,1,1,,
SN14-04-1-1,Isabela,albermarlensis,0,1,,
SN14-04-1-3,Isabela,albermarlensis,0,1,,
SN14-04-1-4,Isabela,albermarlensis,0,1,,
SN14-04-1-10,Isabela,albermarlensis,0,1,,
SN14-04-1-9,Isabela,albermarlensis,0,1,,
SN14-04-1-11,Isabela,albermarlensis,0,1,,
SN14-04-1-12,Isabela,albermarlensis,0,1,,
SN14-04-1-5,Isabela,albermarlensis,0,1,,
SN14-04-1-7,Isabela,albermarlensis,0,1,,
SN14-04-1-8,Isabela,albermarlensis,0,1,,
SN15-02-01-04,Isabela,albermarlensis,2,1,,
SN15-02-01-03,Isabela,albermarlensis,3,1,,
SN14-05-01-06,Isabela,albermarlensis,0,1,,
SN14-05-01-02,Isabela,albermarlensis,0,1,,
SN15-02-01-06,Isabela,albermarlensis,65,1,,
SN15-02-01-05,Isabela,albermarlensis,0,1,,
SN14-05-01-03,Isabela,albermarlensis,0,1,,
SN15--02-01-02,Isabela,albermarlensis,0,1,,
SN14-05-01-04,Isabela,albermarlensis,7,1,,
SN14-05-01-07,Isabela,albermarlensis,0,1,,
SN14-05-01-10,Isabela,albermarlensis,0,1,,
SN14-05-01-08,Isabela,albermarlensis,5,1,,
SN19-05-01-11,Isabela,albermarlensis,0,1,,
SN14-05-01-09,Isabela,albermarlensis,0,1,,
SN14-04-1-11,Isabela,albermarlensis,0,1,,
SN14-04-1-5,Isabela,albermarlensis,1,1,,
SN14-04-1-8,Isabela,albermarlensis,0,1,,
SN14-04-1-9,Isabela,albermarlensis,0,1,,
SN16-03-02-12,Isabela,albermarlensis,12,3,,
SN16-1-1-5,Isabela,albermarlensis,7,2,,
SN15-03-01-20,Isabela,simrothi,10,,,
SN15-03-01-13,Isabela,simrothi,1,,,
SN15-03-01-06,Isabela,simrothi,0,,,
SN15-03-01-14,Isabela,simrothi,0,,,
SN15-03-01-07,Isabela,simrothi,0,,,
SN15-03-01-15,Isabela,simrothi,8,,,
SN15-03-01-08,Isabela,simrothi,0,,,
SN15-03-01-03,Isabela,simrothi,0,,,
SN15-030-01-01,Isabela,simrothi,8,,,
SN15-03-01-16,Isabela,simrothi,0,,,
SN15-03-01-09,Isabela,simrothi,8,,,
SN15-03-01-17,Isabela,simrothi,0,,,
SN15-03-01-16,Isabela,simrothi,0,,,
SN15-03-01-02,Isabela,simrothi,2,,,
SN15-03-01-05,Isabela,simrothi,55,,,
SN15-03-01-11,Isabela,simrothi,12,,,
SN15-03-01-19,Isabela,simrothi,24,,,
SN15-03-01-12,Isabela,simrothi,0,,,
SN15-03-01-04,Isabela,simrothi,0,,,
SN15-03-01-18,Isabela,simrothi,0,,,
SN19-23-01,Isabela,simrothi,0,,,
SN19-23-01,Isabela,simrothi,0,,,
SN19-23-01,Isabela,simrothi,0,,,
SN19-23-01,Isabela,simrothi,0,,,
SN19-23-01,Isabela,simrothi,0,,,
SN19-23-01,Isabela,simrothi,0,,,
SN19-20-01,Isabela,simrothi,0,3,,
SN19-20-01,Isabela,simrothi,0,3,,
SN19-20-01,Isabela,simrothi,0,3,,
SN19-20-01,Isabela,simrothi,1,3,,
SN19-20-01,Isabela,simrothi,1,3,,
SN15-03,Isabela,simrothi,0,3,,
SN15-03,Isabela,simrothi,0,3,,
PI14-masalto,Pinzon,spp12,64,1,,
PI14-masalto,Pinzon,spp12,3,1,,
PI14-masalto,Pinzon,spp12,0,1,,
PI14-masalto,Pinzon,spp12,0,1,,
PI14-masalto,Pinzon,spp12,0,1,,
PI12-29-rats,Pinzon,spp12,0,1,,
unknown,Santa_Cruz,eos,1,2,,
unknown,Santa_Cruz,eos,1,2,,
unknown,Santa_Cruz,eos,1,2,maybe,
unknown,Santa_Cruz,eos,2,1,maybe,
unknown,Santa_Cruz,eos,2,1,,
unknown,Santa_Cruz,eos,3,1,maybe,
unknown,Santa_Cruz,eos,2,2,,
unknown,Santa_Cruz,eos,3,2,,
unknown,Santa_Cruz,eos,1,1,,
unknown,Santa_Cruz,eos,3,2,,
unknown,Santa_Cruz,eos,1,2,maybe,
unknown,Santa_Cruz,eos,1,2,maybe,
unknown,Santa_Cruz,eos,2,2,,
unknown,Santa_Cruz,eos,2,1,,
unknown,Santa_Cruz,eos,3,1,,
unknown,Santa_Cruz,eos,2,1,,
unknown,Santa_Cruz,eos,0,1,,
unknown,Santa_Cruz,eos,0,1,,
unknown,Santa_Cruz,eos,0,1,,
unknown,Santa_Cruz,eos,0,1,,
unknown,Santa_Cruz,eos,0,1,,
unknown,Santa_Cruz,eos,0,1,,
unknown,Santa_Cruz,eos,0,1,,
unknown,Santa_Cruz,eos,0,1,,
unknown,Santa_Cruz,eos,0,1,,
unknown,Santa_Cruz,eos,0,1,,
,,,,,,
,,,,,,
,,,,,,
,,,,,,
,,,,,,
,,,,,,
,,,,,,
,,,,,,
,,,,,,
,,,,,,
,,,,,,
,,,,,,
,,,,,,
,,,,,,
,,,,,,
,,,,,,
,,,,,,
,,,,,,
,,,,,,
,,,,,,
,,,,,,
,,,,,,
,,,,,,
,,,,,,
,,,,,,
,,,,,,
,,,,,,
,,,,,,
,,,,,,
,,,,,,
,,,,,,
,,,,,,
,,,,,,
,,,,,,
,,,,,,
,,,,,,
,,,,,,
